CodigoRecinto,CodigoActa,NroMesa,VotantesHabilitados
1010200001,1.0102E+12,1,877
1010200001,1.0102E+12,2,949
1010200001,1.0102E+12,3,987
1010200001,1.0102E+12,4,119
1010200001,1.0102E+12,5,924
1010200001,1.0102E+12,6,54
1010200001,1.0102E+12,7,972
1010200001,1.0102E+12,8,186
1010200001,1.0102E+12,9,828
1010300010,1.0103E+12,1,911
1010300011,1.0103E+12,1,678
1010300011,1.0103E+12,2,930
1010300011,1.0103E+12,3,279
1010300011,1.0103E+12,4,429
1010300011,1.0103E+12,5,187
1010300011,1.0103E+12,6,212
1010300011,1.0103E+12,7,727
1010300011,1.0103E+12,8,588
1010300011,1.0103E+12,9,237
1010300011,1.0103E+12,10,23
1010300011,1.0103E+12,11,693
1010300011,1.0103E+12,12,952
1010300011,1.0103E+12,13,404
1010300011,1.0103E+12,14,10
1010300011,1.0103E+12,15,202
1010300011,1.0103E+12,16,413
1010300027,1.0103E+12,1,144
1010300027,1.0103E+12,2,162
1010300027,1.0103E+12,3,805
1010300027,1.0103E+12,4,940
1010300027,1.0103E+12,5,60
1010300027,1.0103E+12,6,588
1010300027,1.0103E+12,7,569
1010300027,1.0103E+12,8,460
1010300027,1.0103E+12,9,806
1010300027,1.0103E+12,10,479
1010300027,1.0103E+12,11,409
1010300027,1.0103E+12,12,252
1010300027,1.0103E+12,13,593
1010300027,1.0103E+12,14,776
1020100041,1.0201E+12,1,762
1020100041,1.0201E+12,2,987
1020100041,1.0201E+12,3,677
1020100041,1.0201E+12,4,34
1020100045,1.0201E+12,1,423
1020100045,1.0201E+12,2,7
1020100045,1.0201E+12,3,121
1020100045,1.0201E+12,4,262
1020100045,1.0201E+12,5,356
1020100045,1.0201E+12,6,190
1020100045,1.0201E+12,7,684
1020100045,1.0201E+12,8,722
1020100045,1.0201E+12,9,382
1020100045,1.0201E+12,10,933
1020100045,1.0201E+12,11,70
1020100045,1.0201E+12,12,368
1020100045,1.0201E+12,13,338
1020100045,1.0201E+12,14,760
1020100045,1.0201E+12,15,62
1020100045,1.0201E+12,16,214
1020100045,1.0201E+12,17,79
1020100062,1.0201E+12,1,92
1020100062,1.0201E+12,2,893
1020100062,1.0201E+12,3,539
1020100062,1.0201E+12,4,131
1020100062,1.0201E+12,5,528
1030100067,1.0301E+12,1,587
1030100067,1.0301E+12,2,927
1030100067,1.0301E+12,3,144
1030100067,1.0301E+12,4,778
1030100067,1.0301E+12,5,880
1030100067,1.0301E+12,6,341
1030100067,1.0301E+12,7,606
1030100067,1.0301E+12,8,601
1030100067,1.0301E+12,9,405
1030100067,1.0301E+12,10,176
1030100067,1.0301E+12,11,959
1030100067,1.0301E+12,12,440
1030100067,1.0301E+12,13,621
1030100067,1.0301E+12,14,583
1030200081,1.0302E+12,1,781
1030200081,1.0302E+12,2,757
1030200081,1.0302E+12,3,347
1030200081,1.0302E+12,4,459
1030200081,1.0302E+12,5,468
1030200081,1.0302E+12,6,80
1030200087,1.0302E+12,1,45
1030200087,1.0302E+12,2,236
1030200087,1.0302E+12,3,788
1030200087,1.0302E+12,4,501
1030200087,1.0302E+12,5,257
1030200087,1.0302E+12,6,734
1030200087,1.0302E+12,7,276
1030200087,1.0302E+12,8,235
1030200087,1.0302E+12,9,752
1030200087,1.0302E+12,10,37
1030300097,1.0303E+12,1,10
1030300097,1.0303E+12,2,702
1030300097,1.0303E+12,3,582
1030300097,1.0303E+12,4,745
1030300097,1.0303E+12,5,706
1030300097,1.0303E+12,6,553
1030300097,1.0303E+12,7,248
1030300097,1.0303E+12,8,421
1030300097,1.0303E+12,9,153
1030300097,1.0303E+12,10,674
1030300097,1.0303E+12,11,233
1030300097,1.0303E+12,12,257
1030300097,1.0303E+12,13,223
1030300097,1.0303E+12,14,721
1030300097,1.0303E+12,15,457
1030300097,1.0303E+12,16,859
1030300097,1.0303E+12,17,331
1030300097,1.0303E+12,18,366
1030400115,1.0304E+12,1,718
1030400115,1.0304E+12,2,266
1030400115,1.0304E+12,3,323
1030400115,1.0304E+12,4,893
1030400115,1.0304E+12,5,699
1030400115,1.0304E+12,6,992
1030400121,1.0304E+12,1,364
1030400121,1.0304E+12,2,745
1030400121,1.0304E+12,3,912
1030400121,1.0304E+12,4,847
1040100125,1.0401E+12,1,542
1040100125,1.0401E+12,2,97
1040100125,1.0401E+12,3,13
1040100125,1.0401E+12,4,645
1040100125,1.0401E+12,5,126
1040100125,1.0401E+12,6,733
1040100125,1.0401E+12,7,48
1040100132,1.0401E+12,1,717
1040100132,1.0401E+12,2,195
1040100132,1.0401E+12,3,714
1040100132,1.0401E+12,4,482
1040100132,1.0401E+12,5,705
1040100132,1.0401E+12,6,722
1040100132,1.0401E+12,7,945
1040100132,1.0401E+12,8,532
1040100132,1.0401E+12,9,774
1040100132,1.0401E+12,10,141
1040100132,1.0401E+12,11,520
1040100143,1.0401E+12,1,621
1040100143,1.0401E+12,2,92
1040100143,1.0401E+12,3,257
1040100143,1.0401E+12,4,126
1040100143,1.0401E+12,5,158
1040100143,1.0401E+12,6,173
1040100143,1.0401E+12,7,279
1040200150,1.0402E+12,1,133
1040200150,1.0402E+12,2,215
1040200150,1.0402E+12,3,630
1040200150,1.0402E+12,4,195
1040200150,1.0402E+12,5,917
1040200150,1.0402E+12,6,648
1040200150,1.0402E+12,7,608
1040200150,1.0402E+12,8,845
1040200150,1.0402E+12,9,353
1040200150,1.0402E+12,10,11
1040200150,1.0402E+12,11,377
1040200161,1.0402E+12,1,712
1040200161,1.0402E+12,2,642
1040200161,1.0402E+12,3,444
1040200161,1.0402E+12,4,787
1040200161,1.0402E+12,5,382
1040200161,1.0402E+12,6,110
1040200161,1.0402E+12,7,619
1040200161,1.0402E+12,8,570
1040200161,1.0402E+12,9,119
1040200161,1.0402E+12,10,583
1040200161,1.0402E+12,11,324
1040200161,1.0402E+12,12,923
1040200161,1.0402E+12,13,493
1040200161,1.0402E+12,14,91
1040200161,1.0402E+12,15,261
1040200161,1.0402E+12,16,792
1040200161,1.0402E+12,17,179
1040300178,1.0403E+12,1,39
1040300178,1.0403E+12,2,854
1040300178,1.0403E+12,3,244
1040300181,1.0403E+12,1,62
1040300181,1.0403E+12,2,748
1040300181,1.0403E+12,3,708
1040300181,1.0403E+12,4,273
1040300181,1.0403E+12,5,400
1040400186,1.0404E+12,1,837
1040400186,1.0404E+12,2,989
1040400186,1.0404E+12,3,982
1040400189,1.0404E+12,1,314
1040400189,1.0404E+12,2,573
1040400189,1.0404E+12,3,636
1040400189,1.0404E+12,4,324
1040400189,1.0404E+12,5,6
1040400189,1.0404E+12,6,427
1040400189,1.0404E+12,7,557
1040400189,1.0404E+12,8,858
1040400197,1.0404E+12,1,369
1040400197,1.0404E+12,2,757
1040400197,1.0404E+12,3,522
1040400197,1.0404E+12,4,220
1040400197,1.0404E+12,5,784
1040400197,1.0404E+12,6,876
1040400197,1.0404E+12,7,681
1040400197,1.0404E+12,8,569
1040400197,1.0404E+12,9,510
1040500206,1.0405E+12,1,35
1040500206,1.0405E+12,2,661
1040500206,1.0405E+12,3,287
1040500206,1.0405E+12,4,970
1040500206,1.0405E+12,5,570
1040500206,1.0405E+12,6,138
1040500206,1.0405E+12,7,310
1040500206,1.0405E+12,8,652
1040500206,1.0405E+12,9,466
1040500206,1.0405E+12,10,28
1040500206,1.0405E+12,11,618
1040500206,1.0405E+12,12,31
1060100218,1.0601E+12,1,847
1060100218,1.0601E+12,2,365
1060100218,1.0601E+12,3,721
1060100221,1.0601E+12,1,564
1060100221,1.0601E+12,2,140
1060100221,1.0601E+12,3,253
1060100221,1.0601E+12,4,466
1060100221,1.0601E+12,5,197
1060100221,1.0601E+12,6,873
1060100221,1.0601E+12,7,364
1060100221,1.0601E+12,8,260
1060100221,1.0601E+12,9,69
1060100221,1.0601E+12,10,326
1060100231,1.0601E+12,1,413
1060100231,1.0601E+12,2,805
1060100231,1.0601E+12,3,839
1060100231,1.0601E+12,4,562
1060100231,1.0601E+12,5,103
1060100231,1.0601E+12,6,736
1060100231,1.0601E+12,7,984
1060100231,1.0601E+12,8,435
1060100231,1.0601E+12,9,700
1060100231,1.0601E+12,10,410
1060100231,1.0601E+12,11,313
1060200242,1.0602E+12,1,339
1060200242,1.0602E+12,2,942
1060200242,1.0602E+12,3,752
1060200242,1.0602E+12,4,420
1060200242,1.0602E+12,5,305
1060200242,1.0602E+12,6,636
1060200242,1.0602E+12,7,366
1060200242,1.0602E+12,8,334
1060200242,1.0602E+12,9,289
1060200242,1.0602E+12,10,93
1060200242,1.0602E+12,11,751
1060200242,1.0602E+12,12,327
1060200242,1.0602E+12,13,635
1060200242,1.0602E+12,14,754
1060200242,1.0602E+12,15,635
1060200242,1.0602E+12,16,218
1060200242,1.0602E+12,17,71
1060200242,1.0602E+12,18,481
1060200242,1.0602E+12,19,427
1060200261,1.0602E+12,1,759
1060200261,1.0602E+12,2,918
1060200261,1.0602E+12,3,184
1060200261,1.0602E+12,4,764
1060200261,1.0602E+12,5,641
1060200261,1.0602E+12,6,890
1060200261,1.0602E+12,7,487
1060200261,1.0602E+12,8,596
1060200261,1.0602E+12,9,758
1070100270,1.0701E+12,1,648
1070100270,1.0701E+12,2,909
1070200272,1.0702E+12,1,413
1070200272,1.0702E+12,2,623
1070200274,1.0702E+12,1,668
1070200274,1.0702E+12,2,435
1070200274,1.0702E+12,3,258
1070200274,1.0702E+12,4,527
1070200274,1.0702E+12,5,258
1070200274,1.0702E+12,6,242
1070200274,1.0702E+12,7,143
1070200274,1.0702E+12,8,170
1070200274,1.0702E+12,9,868
1070200274,1.0702E+12,10,539
1070200274,1.0702E+12,11,878
1070200285,1.0702E+12,1,199
1070200285,1.0702E+12,2,945
1070200285,1.0702E+12,3,770
1070200285,1.0702E+12,4,430
1070200285,1.0702E+12,5,478
1070200285,1.0702E+12,6,192
1070200285,1.0702E+12,7,7
1070200285,1.0702E+12,8,472
1070200285,1.0702E+12,9,976
1070200285,1.0702E+12,10,237
1070300295,1.0703E+12,1,186
1070300295,1.0703E+12,2,942
1070300295,1.0703E+12,3,831
1070300295,1.0703E+12,4,686
1070300295,1.0703E+12,5,105
1070300300,1.0703E+12,1,292
1070300300,1.0703E+12,2,438
1070300300,1.0703E+12,3,679
1070300300,1.0703E+12,4,674
1070300300,1.0703E+12,5,693
1070300300,1.0703E+12,6,454
1070300300,1.0703E+12,7,982
1070300300,1.0703E+12,8,64
1070300300,1.0703E+12,9,129
1070300300,1.0703E+12,10,898
1070300300,1.0703E+12,11,289
1070300300,1.0703E+12,12,720
1070300300,1.0703E+12,13,591
1070300300,1.0703E+12,14,27
1070300300,1.0703E+12,15,845
1070300300,1.0703E+12,16,497
1070300300,1.0703E+12,17,400
1070300300,1.0703E+12,18,646
1070300318,1.0703E+12,1,71
1070300318,1.0703E+12,2,993
1070300318,1.0703E+12,3,17
1070300318,1.0703E+12,4,193
1070300318,1.0703E+12,5,985
1070300318,1.0703E+12,6,531
1070300318,1.0703E+12,7,113
1070300318,1.0703E+12,8,673
1070400326,1.0704E+12,1,640
1070400326,1.0704E+12,2,370
1070400326,1.0704E+12,3,978
1070400326,1.0704E+12,4,26
1070400326,1.0704E+12,5,860
1070400326,1.0704E+12,6,626
1070400326,1.0704E+12,7,194
1070400326,1.0704E+12,8,393
1070400326,1.0704E+12,9,244
1070400326,1.0704E+12,10,411
1070400326,1.0704E+12,11,300
1070400326,1.0704E+12,12,918
1070400326,1.0704E+12,13,666
1070400326,1.0704E+12,14,739
1070400326,1.0704E+12,15,960
1070400326,1.0704E+12,16,847
1070400342,1.0704E+12,1,654
1070400342,1.0704E+12,2,612
1070400342,1.0704E+12,3,4
1070400342,1.0704E+12,4,972
1070400342,1.0704E+12,5,721
1070400342,1.0704E+12,6,922
1070400342,1.0704E+12,7,416
1090100349,1.0901E+12,1,461
1090100349,1.0901E+12,2,758
1090100349,1.0901E+12,3,522
1090100349,1.0901E+12,4,278
1090100349,1.0901E+12,5,304
1090100349,1.0901E+12,6,33
1090100349,1.0901E+12,7,903
1090100349,1.0901E+12,8,353
1090100349,1.0901E+12,9,558
1090100349,1.0901E+12,10,315
1090100349,1.0901E+12,11,573
1090100349,1.0901E+12,12,338
1090100349,1.0901E+12,13,249
1090100349,1.0901E+12,14,458
1090100363,1.0901E+12,1,406
1090100363,1.0901E+12,2,87
1090200365,1.0902E+12,1,702
1090200365,1.0902E+12,2,748
1090200365,1.0902E+12,3,805
1090200365,1.0902E+12,4,492
1090200365,1.0902E+12,5,286
1090300370,1.0903E+12,1,606
1090300370,1.0903E+12,2,223
1090300370,1.0903E+12,3,512
1090300370,1.0903E+12,4,670
1090300370,1.0903E+12,5,223
1090300370,1.0903E+12,6,87
1090300370,1.0903E+12,7,911
1090300370,1.0903E+12,8,53
1090300370,1.0903E+12,9,877
1090300370,1.0903E+12,10,227
1090300370,1.0903E+12,11,565
1090300370,1.0903E+12,12,893
1090300370,1.0903E+12,13,557
1090300370,1.0903E+12,14,605
1090300384,1.0903E+12,1,775
1090300384,1.0903E+12,2,472
1090300384,1.0903E+12,3,121
1090300384,1.0903E+12,4,779
1090300384,1.0903E+12,5,769
1090300384,1.0903E+12,6,598
1090300384,1.0903E+12,7,110
1090300384,1.0903E+12,8,506
1090300384,1.0903E+12,9,528
1090300384,1.0903E+12,10,643
1090300384,1.0903E+12,11,150
1090300384,1.0903E+12,12,374
1090300396,1.0903E+12,1,147
1090300396,1.0903E+12,2,969
1090300396,1.0903E+12,3,554
1090300396,1.0903E+12,4,242
1090300396,1.0903E+12,5,390
1100100401,1.1001E+12,1,664
1100100401,1.1001E+12,2,401
1100100401,1.1001E+12,3,160
1100100401,1.1001E+12,4,763
1100100401,1.1001E+12,5,478
1100100401,1.1001E+12,6,94
1100100401,1.1001E+12,7,227
1100100401,1.1001E+12,8,512
1100100401,1.1001E+12,9,207
1100200410,1.1002E+12,1,903
1100200410,1.1002E+12,2,53
1100200410,1.1002E+12,3,598
1100200410,1.1002E+12,4,168
1100200410,1.1002E+12,5,660
1100200410,1.1002E+12,6,539
1100200410,1.1002E+12,7,23
1100200417,1.1002E+12,1,628
1100200417,1.1002E+12,2,158
1100200417,1.1002E+12,3,741
1100200417,1.1002E+12,4,550
1100200417,1.1002E+12,5,643
1100200417,1.1002E+12,6,359
2010200423,2.0102E+12,1,251
2010200423,2.0102E+12,2,229
2010200423,2.0102E+12,3,20
2010200423,2.0102E+12,4,968
2010200423,2.0102E+12,5,868
2010200423,2.0102E+12,6,758
2010200423,2.0102E+12,7,53
2010200423,2.0102E+12,8,788
2010200423,2.0102E+12,9,123
2010200423,2.0102E+12,10,892
2010200423,2.0102E+12,11,204
2010200423,2.0102E+12,12,640
2010200423,2.0102E+12,13,69
2010200423,2.0102E+12,14,118
2010200423,2.0102E+12,15,223
2010200423,2.0102E+12,16,935
2010200423,2.0102E+12,17,789
2010200423,2.0102E+12,18,336
2010200441,2.0102E+12,1,898
2010200441,2.0102E+12,2,457
2010200441,2.0102E+12,3,734
2010400444,2.0104E+12,1,190
2010400444,2.0104E+12,2,980
2010400444,2.0104E+12,3,341
2010400444,2.0104E+12,4,812
2010400444,2.0104E+12,5,359
2010400449,2.0104E+12,1,673
2010400449,2.0104E+12,2,569
2010400449,2.0104E+12,3,755
2010400449,2.0104E+12,4,135
2010400449,2.0104E+12,5,616
2010400449,2.0104E+12,6,67
2010400449,2.0104E+12,7,803
2010400449,2.0104E+12,8,661
2010400449,2.0104E+12,9,468
2010400449,2.0104E+12,10,94
2010400449,2.0104E+12,11,168
2010400449,2.0104E+12,12,359
2010400449,2.0104E+12,13,191
2010400449,2.0104E+12,14,525
2010400449,2.0104E+12,15,19
2010400449,2.0104E+12,16,556
2010400465,2.0104E+12,1,555
2010400465,2.0104E+12,2,961
2010400465,2.0104E+12,3,323
2010400465,2.0104E+12,4,521
2010400465,2.0104E+12,5,768
2010400465,2.0104E+12,6,650
2010400465,2.0104E+12,7,833
2010400465,2.0104E+12,8,180
2010400465,2.0104E+12,9,843
2010400465,2.0104E+12,10,993
2010400465,2.0104E+12,11,960
2010400465,2.0104E+12,12,535
2010400465,2.0104E+12,13,110
2010400465,2.0104E+12,14,562
2010400465,2.0104E+12,15,916
2010400465,2.0104E+12,16,220
2010400465,2.0104E+12,17,25
2010400465,2.0104E+12,18,20
2010400465,2.0104E+12,19,723
2010500484,2.0105E+12,1,834
2010500484,2.0105E+12,2,460
2010500484,2.0105E+12,3,915
2010500484,2.0105E+12,4,795
2010500484,2.0105E+12,5,142
2010500484,2.0105E+12,6,506
2010500484,2.0105E+12,7,642
2010500484,2.0105E+12,8,315
2010500484,2.0105E+12,9,65
2020100493,2.0201E+12,1,987
2020100493,2.0201E+12,2,913
2020100495,2.0201E+12,1,226
2020100495,2.0201E+12,2,58
2020200497,2.0202E+12,1,633
2020200497,2.0202E+12,2,882
2020200497,2.0202E+12,3,79
2020200497,2.0202E+12,4,335
2020200497,2.0202E+12,5,195
2020200497,2.0202E+12,6,496
2020200497,2.0202E+12,7,137
2020200497,2.0202E+12,8,802
2020200505,2.0202E+12,1,509
2020200505,2.0202E+12,2,908
2020200505,2.0202E+12,3,72
2020200505,2.0202E+12,4,692
2020300509,2.0203E+12,1,210
2020300509,2.0203E+12,2,11
2020300509,2.0203E+12,3,970
2020300509,2.0203E+12,4,377
2020300509,2.0203E+12,5,592
2020300509,2.0203E+12,6,914
2020300509,2.0203E+12,7,776
2020300509,2.0203E+12,8,695
2020300509,2.0203E+12,9,427
2020300509,2.0203E+12,10,920
2020300509,2.0203E+12,11,35
2020300509,2.0203E+12,12,200
2020300509,2.0203E+12,13,182
2020300522,2.0203E+12,1,637
2020300522,2.0203E+12,2,67
2020300522,2.0203E+12,3,609
2020300522,2.0203E+12,4,213
2020300522,2.0203E+12,5,610
2020300522,2.0203E+12,6,202
2020300522,2.0203E+12,7,391
2020300522,2.0203E+12,8,271
2020300522,2.0203E+12,9,487
2020300522,2.0203E+12,10,791
2020300522,2.0203E+12,11,890
2020400533,2.0204E+12,1,429
2020400533,2.0204E+12,2,522
2020400533,2.0204E+12,3,44
2020400533,2.0204E+12,4,223
2020400533,2.0204E+12,5,242
2020400533,2.0204E+12,6,749
2020400533,2.0204E+12,7,442
2020400533,2.0204E+12,8,587
2020400533,2.0204E+12,9,267
2020400533,2.0204E+12,10,149
2020400533,2.0204E+12,11,771
2020400533,2.0204E+12,12,112
2020400533,2.0204E+12,13,410
2020400533,2.0204E+12,14,590
2020400533,2.0204E+12,15,330
2020400533,2.0204E+12,16,386
2020400533,2.0204E+12,17,82
2020400533,2.0204E+12,18,214
2020400533,2.0204E+12,19,221
2020400533,2.0204E+12,20,126
2020600553,2.0206E+12,1,784
2020600553,2.0206E+12,2,289
2020600553,2.0206E+12,3,884
2020600556,2.0206E+12,1,490
2020600556,2.0206E+12,2,121
2020600556,2.0206E+12,3,705
2020600556,2.0206E+12,4,153
2020600556,2.0206E+12,5,222
2020600556,2.0206E+12,6,256
2020600556,2.0206E+12,7,83
2020600556,2.0206E+12,8,725
2020600556,2.0206E+12,9,621
2020600556,2.0206E+12,10,218
2020600556,2.0206E+12,11,631
2020600556,2.0206E+12,12,138
2020600556,2.0206E+12,13,887
2020600556,2.0206E+12,14,112
2020600570,2.0206E+12,1,711
2020600570,2.0206E+12,2,597
2020600570,2.0206E+12,3,524
2020600570,2.0206E+12,4,878
2020600570,2.0206E+12,5,169
2020600570,2.0206E+12,6,728
2020600570,2.0206E+12,7,911
2020600570,2.0206E+12,8,9
2020600570,2.0206E+12,9,660
2020600570,2.0206E+12,10,245
2020600570,2.0206E+12,11,96
2020600570,2.0206E+12,12,260
2020600570,2.0206E+12,13,510
2020600570,2.0206E+12,14,415
2020600570,2.0206E+12,15,600
2020600570,2.0206E+12,16,549
2020600570,2.0206E+12,17,151
2020600570,2.0206E+12,18,655
2020600570,2.0206E+12,19,850
2020600570,2.0206E+12,20,780
2030100590,2.0301E+12,1,564
2030100591,2.0301E+12,1,180
2030100591,2.0301E+12,2,301
2030100591,2.0301E+12,3,877
2030100591,2.0301E+12,4,767
2030100591,2.0301E+12,5,330
2030100591,2.0301E+12,6,378
2030100591,2.0301E+12,7,363
2030100591,2.0301E+12,8,88
2030100591,2.0301E+12,9,159
2030100591,2.0301E+12,10,541
2030100591,2.0301E+12,11,124
2030100591,2.0301E+12,12,178
2030100591,2.0301E+12,13,566
2030100591,2.0301E+12,14,823
2030100591,2.0301E+12,15,212
2030100591,2.0301E+12,16,189
2030100591,2.0301E+12,17,460
2030100591,2.0301E+12,18,190
2030200609,2.0302E+12,1,497
2030200609,2.0302E+12,2,853
2030200609,2.0302E+12,3,730
2030200609,2.0302E+12,4,240
2030200609,2.0302E+12,5,501
2030200609,2.0302E+12,6,269
2030200615,2.0302E+12,1,878
2030200615,2.0302E+12,2,12
2030200615,2.0302E+12,3,59
2030200615,2.0302E+12,4,771
2030200615,2.0302E+12,5,643
2030200615,2.0302E+12,6,729
2030200615,2.0302E+12,7,353
2030200622,2.0302E+12,1,792
2030300623,2.0303E+12,1,398
2030300623,2.0303E+12,2,291
2030300623,2.0303E+12,3,221
2030300623,2.0303E+12,4,288
2030300623,2.0303E+12,5,624
2030300623,2.0303E+12,6,200
2030300623,2.0303E+12,7,842
2030300623,2.0303E+12,8,785
2030300623,2.0303E+12,9,252
2030300623,2.0303E+12,10,433
2030300623,2.0303E+12,11,411
2030300623,2.0303E+12,12,371
2030300623,2.0303E+12,13,783
2030300623,2.0303E+12,14,829
2030300623,2.0303E+12,15,880
2030300623,2.0303E+12,16,950
2030300623,2.0303E+12,17,182
2030300623,2.0303E+12,18,830
2030300623,2.0303E+12,19,820
2030300642,2.0303E+12,1,99
2030300642,2.0303E+12,2,515
2030300642,2.0303E+12,3,162
2030300642,2.0303E+12,4,403
2030300642,2.0303E+12,5,277
2030300642,2.0303E+12,6,42
2030300642,2.0303E+12,7,579
2030300642,2.0303E+12,8,979
2030300642,2.0303E+12,9,7
2030300642,2.0303E+12,10,126
2030300642,2.0303E+12,11,69
2030300642,2.0303E+12,12,762
2030300642,2.0303E+12,13,170
2030300642,2.0303E+12,14,502
2030300656,2.0303E+12,1,287
2030300656,2.0303E+12,2,829
2030300656,2.0303E+12,3,247
2030300656,2.0303E+12,4,795
2030300656,2.0303E+12,5,403
2030500661,2.0305E+12,1,417
2030500661,2.0305E+12,2,827
2030500661,2.0305E+12,3,880
2030500664,2.0305E+12,1,403
2030500664,2.0305E+12,2,797
2030500664,2.0305E+12,3,938
2030500664,2.0305E+12,4,867
2030500664,2.0305E+12,5,472
2030500664,2.0305E+12,6,5
2030500664,2.0305E+12,7,313
2030500664,2.0305E+12,8,291
2030500664,2.0305E+12,9,914
2030500664,2.0305E+12,10,321
2030500664,2.0305E+12,11,365
2030500664,2.0305E+12,12,473
2030600676,2.0306E+12,1,525
2030600676,2.0306E+12,2,747
2030600676,2.0306E+12,3,357
2030600676,2.0306E+12,4,275
2030600676,2.0306E+12,5,875
2030600676,2.0306E+12,6,743
2030600676,2.0306E+12,7,584
2030600676,2.0306E+12,8,90
2030600676,2.0306E+12,9,194
2030600676,2.0306E+12,10,504
2030600676,2.0306E+12,11,696
2030600676,2.0306E+12,12,547
2030600676,2.0306E+12,13,202
2030600676,2.0306E+12,14,880
2030700690,2.0307E+12,1,607
2030700690,2.0307E+12,2,352
2030700690,2.0307E+12,3,695
2030700690,2.0307E+12,4,60
2030700690,2.0307E+12,5,566
2030700690,2.0307E+12,6,608
2030700690,2.0307E+12,7,439
2030700690,2.0307E+12,8,471
2030700690,2.0307E+12,9,895
2030700699,2.0307E+12,1,223
2030700699,2.0307E+12,2,940
2030700699,2.0307E+12,3,111
2030800702,2.0308E+12,1,749
2030800702,2.0308E+12,2,280
2030800702,2.0308E+12,3,969
2030800702,2.0308E+12,4,775
2030800702,2.0308E+12,5,980
2030800702,2.0308E+12,6,929
2030800702,2.0308E+12,7,548
2030800702,2.0308E+12,8,330
2030800702,2.0308E+12,9,911
2030800702,2.0308E+12,10,276
2030800702,2.0308E+12,11,314
2030800702,2.0308E+12,12,714
2040100714,2.0401E+12,1,105
2040100714,2.0401E+12,2,421
2040100714,2.0401E+12,3,782
2040100714,2.0401E+12,4,58
2040100714,2.0401E+12,5,783
2040100714,2.0401E+12,6,778
2040100714,2.0401E+12,7,265
2040100714,2.0401E+12,8,341
2040100714,2.0401E+12,9,34
2040100714,2.0401E+12,10,534
2040100714,2.0401E+12,11,65
2040100714,2.0401E+12,12,489
2040100726,2.0401E+12,1,227
2040100726,2.0401E+12,2,526
2040100726,2.0401E+12,3,547
2040100726,2.0401E+12,4,143
2040100726,2.0401E+12,5,267
2040100726,2.0401E+12,6,963
2040100726,2.0401E+12,7,559
2040100726,2.0401E+12,8,815
2040100726,2.0401E+12,9,284
2040100726,2.0401E+12,10,20
2040100726,2.0401E+12,11,804
2040100726,2.0401E+12,12,160
2040100726,2.0401E+12,13,962
2040200739,2.0402E+12,1,475
2040200739,2.0402E+12,2,161
2040200739,2.0402E+12,3,289
2040200739,2.0402E+12,4,863
2040200739,2.0402E+12,5,172
2040200739,2.0402E+12,6,592
2040200739,2.0402E+12,7,421
2040200739,2.0402E+12,8,989
2040200739,2.0402E+12,9,833
2040200739,2.0402E+12,10,511
2040300749,2.0403E+12,1,784
2040300749,2.0403E+12,2,530
2040300749,2.0403E+12,3,193
2040300749,2.0403E+12,4,558
2040300749,2.0403E+12,5,843
2040300749,2.0403E+12,6,992
2040300749,2.0403E+12,7,606
2040300749,2.0403E+12,8,844
2040300749,2.0403E+12,9,888
2040300749,2.0403E+12,10,6
2040300749,2.0403E+12,11,913
2040300749,2.0403E+12,12,887
2040300749,2.0403E+12,13,431
2040300749,2.0403E+12,14,508
2040300749,2.0403E+12,15,863
2040300749,2.0403E+12,16,111
2040300749,2.0403E+12,17,357
2040300749,2.0403E+12,18,922
2040300749,2.0403E+12,19,987
2040300749,2.0403E+12,20,695
2040300769,2.0403E+12,1,945
2040300769,2.0403E+12,2,656
2040300769,2.0403E+12,3,995
2040300769,2.0403E+12,4,496
2040300769,2.0403E+12,5,994
2040300769,2.0403E+12,6,926
2040300769,2.0403E+12,7,280
2040300769,2.0403E+12,8,850
2040300769,2.0403E+12,9,205
2040300769,2.0403E+12,10,949
2040300769,2.0403E+12,11,812
2040300769,2.0403E+12,12,397
2040300769,2.0403E+12,13,272
2040300782,2.0403E+12,1,361
2040300782,2.0403E+12,2,281
2040300782,2.0403E+12,3,416
2040300782,2.0403E+12,4,539
2040300782,2.0403E+12,5,690
2040300782,2.0403E+12,6,452
2040300782,2.0403E+12,7,146
2040300782,2.0403E+12,8,204
2040300782,2.0403E+12,9,516
2040400791,2.0404E+12,1,801
2040400791,2.0404E+12,2,801
2040400791,2.0404E+12,3,9
2040400791,2.0404E+12,4,985
2040500795,2.0405E+12,1,545
2040500795,2.0405E+12,2,243
2040500795,2.0405E+12,3,361
2040500795,2.0405E+12,4,38
2040500795,2.0405E+12,5,870
2040500795,2.0405E+12,6,954
2040500795,2.0405E+12,7,638
2040500795,2.0405E+12,8,658
2040500795,2.0405E+12,9,875
2040500795,2.0405E+12,10,464
2040500795,2.0405E+12,11,474
2040500795,2.0405E+12,12,807
2040500795,2.0405E+12,13,761
2040500795,2.0405E+12,14,72
2040500795,2.0405E+12,15,92
2040500795,2.0405E+12,16,788
2050100811,2.0501E+12,1,334
2050100811,2.0501E+12,2,581
2050100811,2.0501E+12,3,577
2050100811,2.0501E+12,4,430
2050100811,2.0501E+12,5,162
2050100811,2.0501E+12,6,27
2050100811,2.0501E+12,7,843
2050100818,2.0501E+12,1,217
2050100818,2.0501E+12,2,645
2050100818,2.0501E+12,3,760
2050100818,2.0501E+12,4,891
2050100818,2.0501E+12,5,500
2050100818,2.0501E+12,6,305
2050100818,2.0501E+12,7,898
2050100818,2.0501E+12,8,784
2050100818,2.0501E+12,9,290
2050100818,2.0501E+12,10,330
2050100818,2.0501E+12,11,640
2050100818,2.0501E+12,12,100
2050100818,2.0501E+12,13,981
2050100818,2.0501E+12,14,555
2050100818,2.0501E+12,15,876
2050100818,2.0501E+12,16,299
2050100818,2.0501E+12,17,554
2050200835,2.0502E+12,1,440
2050200835,2.0502E+12,2,902
2050200835,2.0502E+12,3,990
2050200835,2.0502E+12,4,811
2050300839,2.0503E+12,1,765
2050300839,2.0503E+12,2,758
2050300839,2.0503E+12,3,8
2050300839,2.0503E+12,4,530
2050300839,2.0503E+12,5,665
2050300844,2.0503E+12,1,4
2050300844,2.0503E+12,2,649
2050300844,2.0503E+12,3,884
2050300844,2.0503E+12,4,782
2050300844,2.0503E+12,5,126
2050300844,2.0503E+12,6,704
2050300844,2.0503E+12,7,26
2050300844,2.0503E+12,8,966
2050300844,2.0503E+12,9,320
2050300844,2.0503E+12,10,864
2050300844,2.0503E+12,11,624
2050300844,2.0503E+12,12,150
2050300844,2.0503E+12,13,550
2050300844,2.0503E+12,14,400
2050300844,2.0503E+12,15,408
2050300844,2.0503E+12,16,767
2050300844,2.0503E+12,17,579
2060100861,2.0601E+12,1,793
2060100861,2.0601E+12,2,904
2060100861,2.0601E+12,3,862
2060100861,2.0601E+12,4,159
2060100861,2.0601E+12,5,544
2060100861,2.0601E+12,6,618
2060100861,2.0601E+12,7,313
2060100861,2.0601E+12,8,628
2060100861,2.0601E+12,9,540
2060100861,2.0601E+12,10,679
2060200871,2.0602E+12,1,186
2060200871,2.0602E+12,2,662
2060200871,2.0602E+12,3,43
2060200871,2.0602E+12,4,969
2060200871,2.0602E+12,5,830
2060200871,2.0602E+12,6,597
2060200871,2.0602E+12,7,730
2060200871,2.0602E+12,8,758
2060200871,2.0602E+12,9,201
2060200871,2.0602E+12,10,140
2060200871,2.0602E+12,11,743
2060200871,2.0602E+12,12,696
2060200871,2.0602E+12,13,662
2060200871,2.0602E+12,14,297
2060200871,2.0602E+12,15,480
2060200871,2.0602E+12,16,873
2060200871,2.0602E+12,17,665
2060200888,2.0602E+12,1,896
2060200889,2.0602E+12,1,786
2060200889,2.0602E+12,2,740
2060200889,2.0602E+12,3,853
2060200889,2.0602E+12,4,189
2060200889,2.0602E+12,5,539
2060200889,2.0602E+12,6,42
2060200889,2.0602E+12,7,449
2060200889,2.0602E+12,8,235
2060200889,2.0602E+12,9,863
2060200889,2.0602E+12,10,705
2060200889,2.0602E+12,11,138
2060200900,2.0602E+12,1,723
2060200900,2.0602E+12,2,450
2060200900,2.0602E+12,3,404
2060200900,2.0602E+12,4,605
2060200900,2.0602E+12,5,271
2060200900,2.0602E+12,6,620
2060200900,2.0602E+12,7,735
2060200900,2.0602E+12,8,978
2060200900,2.0602E+12,9,357
2060300909,2.0603E+12,1,58
2060300909,2.0603E+12,2,671
2060300909,2.0603E+12,3,491
2060300909,2.0603E+12,4,591
2060300909,2.0603E+12,5,697
2060300909,2.0603E+12,6,107
2060300909,2.0603E+12,7,130
2060300909,2.0603E+12,8,400
2060300909,2.0603E+12,9,875
2060300909,2.0603E+12,10,485
2060300909,2.0603E+12,11,641
2060300909,2.0603E+12,12,524
2060300909,2.0603E+12,13,233
2060300909,2.0603E+12,14,198
2060300909,2.0603E+12,15,602
2060300909,2.0603E+12,16,940
2060300909,2.0603E+12,17,327
2060300926,2.0603E+12,1,688
2060300926,2.0603E+12,2,51
2060300926,2.0603E+12,3,220
2060300926,2.0603E+12,4,729
2060300926,2.0603E+12,5,184
2060300926,2.0603E+12,6,154
2060300926,2.0603E+12,7,379
2060300926,2.0603E+12,8,112
2060300926,2.0603E+12,9,342
2060300926,2.0603E+12,10,240
2060300926,2.0603E+12,11,188
2060300926,2.0603E+12,12,966
2060300926,2.0603E+12,13,843
2060300926,2.0603E+12,14,624
2060400940,2.0604E+12,1,67
2060400940,2.0604E+12,2,992
2060400940,2.0604E+12,3,942
2060400940,2.0604E+12,4,762
2060400940,2.0604E+12,5,651
2060400940,2.0604E+12,6,294
2060400940,2.0604E+12,7,245
2060400940,2.0604E+12,8,996
2060400948,2.0604E+12,1,935
2060500949,2.0605E+12,1,143
2060500949,2.0605E+12,2,17
2060500949,2.0605E+12,3,635
2060500949,2.0605E+12,4,210
2060500949,2.0605E+12,5,54
2060500949,2.0605E+12,6,260
2060500949,2.0605E+12,7,653
2060500949,2.0605E+12,8,159
2060500949,2.0605E+12,9,546
2060500949,2.0605E+12,10,216
2060500949,2.0605E+12,11,200
2060500949,2.0605E+12,12,658
2060500949,2.0605E+12,13,484
2060500962,2.0605E+12,1,655
2060500962,2.0605E+12,2,951
2060500962,2.0605E+12,3,278
2060500962,2.0605E+12,4,167
2060500962,2.0605E+12,5,201
2060500962,2.0605E+12,6,450
2060500962,2.0605E+12,7,807
2060500962,2.0605E+12,8,82
2060500962,2.0605E+12,9,770
2060600971,2.0606E+12,1,790
2060600971,2.0606E+12,2,750
2060600971,2.0606E+12,3,73
2060600971,2.0606E+12,4,277
2060600971,2.0606E+12,5,173
2060600971,2.0606E+12,6,571
2060700977,2.0607E+12,1,37
2060700977,2.0607E+12,2,407
2060700977,2.0607E+12,3,113
2060700977,2.0607E+12,4,514
2060700977,2.0607E+12,5,677
2060800982,2.0608E+12,1,543
2060800982,2.0608E+12,2,956
2060800982,2.0608E+12,3,559
2060800982,2.0608E+12,4,791
2060800982,2.0608E+12,5,51
2060800982,2.0608E+12,6,950
2060800982,2.0608E+12,7,921
2060800982,2.0608E+12,8,551
2060800982,2.0608E+12,9,248
2060800982,2.0608E+12,10,422
2060800982,2.0608E+12,11,37
2060800982,2.0608E+12,12,222
2060800982,2.0608E+12,13,1
2060800982,2.0608E+12,14,255
2070100996,2.0701E+12,1,807
2070100996,2.0701E+12,2,584
2070100996,2.0701E+12,3,458
2070100996,2.0701E+12,4,675
2070100996,2.0701E+12,5,141
2070100996,2.0701E+12,6,228
2070100996,2.0701E+12,7,615
2070100996,2.0701E+12,8,749
2070100996,2.0701E+12,9,601
2070100996,2.0701E+12,10,848
2070100996,2.0701E+12,11,43
2070100996,2.0701E+12,12,51
2070100996,2.0701E+12,13,195
2070101009,2.0701E+12,1,808
2070101009,2.0701E+12,2,824
2070101009,2.0701E+12,3,395
2070101009,2.0701E+12,4,748
2070101009,2.0701E+12,5,357
2070101009,2.0701E+12,6,45
2070101015,2.0701E+12,1,468
2070101015,2.0701E+12,2,721
2070101015,2.0701E+12,3,204
2070101015,2.0701E+12,4,7
2070101015,2.0701E+12,5,610
2070101020,2.0701E+12,1,305
2070101020,2.0701E+12,2,308
2070101020,2.0701E+12,3,810
2070101020,2.0701E+12,4,945
2070101020,2.0701E+12,5,213
2070101020,2.0701E+12,6,885
2070101020,2.0701E+12,7,966
2070101020,2.0701E+12,8,291
2080101028,2.0801E+12,1,475
2080101028,2.0801E+12,2,668
2080101028,2.0801E+12,3,61
2080101028,2.0801E+12,4,11
2080101028,2.0801E+12,5,389
2080101028,2.0801E+12,6,83
2080101034,2.0801E+12,1,756
2080101034,2.0801E+12,2,821
2080101034,2.0801E+12,3,347
2080201037,2.0802E+12,1,443
2080201037,2.0802E+12,2,209
2080201037,2.0802E+12,3,115
2080201037,2.0802E+12,4,775
2080201037,2.0802E+12,5,123
2080201037,2.0802E+12,6,367
2080201037,2.0802E+12,7,747
2080201037,2.0802E+12,8,891
2080201037,2.0802E+12,9,737
2080201046,2.0802E+12,1,857
2080201046,2.0802E+12,2,619
2080201046,2.0802E+12,3,128
2080201046,2.0802E+12,4,71
2080201046,2.0802E+12,5,428
2080201046,2.0802E+12,6,396
2080201046,2.0802E+12,7,114
2080201046,2.0802E+12,8,985
2080201046,2.0802E+12,9,603
2080201046,2.0802E+12,10,297
2080201046,2.0802E+12,11,338
2080201046,2.0802E+12,12,180
2080201046,2.0802E+12,13,498
2080201046,2.0802E+12,14,204
2080201046,2.0802E+12,15,417
2080201046,2.0802E+12,16,749
2080201046,2.0802E+12,17,148
2080201046,2.0802E+12,18,456
2080201046,2.0802E+12,19,641
2080201046,2.0802E+12,20,247
2080201066,2.0802E+12,1,649
2080201066,2.0802E+12,2,525
2080201066,2.0802E+12,3,234
2080201066,2.0802E+12,4,660
2080301070,2.0803E+12,1,4
2080301070,2.0803E+12,2,532
2080301070,2.0803E+12,3,731
2080301070,2.0803E+12,4,794
2080301070,2.0803E+12,5,977
2080301070,2.0803E+12,6,121
2080301070,2.0803E+12,7,436
2080301070,2.0803E+12,8,425
2080301070,2.0803E+12,9,667
2080301070,2.0803E+12,10,600
2080301070,2.0803E+12,11,277
2080301070,2.0803E+12,12,71
2080301070,2.0803E+12,13,782
2080301070,2.0803E+12,14,104
2080301070,2.0803E+12,15,776
2080301070,2.0803E+12,16,544
2080301086,2.0803E+12,1,842
2080301086,2.0803E+12,2,353
2080301086,2.0803E+12,3,283
2080301089,2.0803E+12,1,581
2080301089,2.0803E+12,2,204
2080301089,2.0803E+12,3,857
2080301089,2.0803E+12,4,311
2080301089,2.0803E+12,5,965
2080301089,2.0803E+12,6,542
2080301089,2.0803E+12,7,363
2080301089,2.0803E+12,8,403
2080301089,2.0803E+12,9,104
2080301089,2.0803E+12,10,659
2080301089,2.0803E+12,11,655
2080301089,2.0803E+12,12,114
2080301089,2.0803E+12,13,428
2080301089,2.0803E+12,14,639
2080401103,2.0804E+12,1,189
2080401103,2.0804E+12,2,24
2080401103,2.0804E+12,3,169
2080401103,2.0804E+12,4,967
2080401107,2.0804E+12,1,628
2080501108,2.0805E+12,1,112
2080501108,2.0805E+12,2,967
2080501108,2.0805E+12,3,974
2080501108,2.0805E+12,4,291
2080501108,2.0805E+12,5,440
2080501108,2.0805E+12,6,903
2080501108,2.0805E+12,7,686
2080501108,2.0805E+12,8,794
2080501108,2.0805E+12,9,931
2080501108,2.0805E+12,10,225
2080501108,2.0805E+12,11,66
2080501108,2.0805E+12,12,512
2080501108,2.0805E+12,13,832
2080501108,2.0805E+12,14,41
2080501108,2.0805E+12,15,300
2080501108,2.0805E+12,16,863
2080501108,2.0805E+12,17,797
2080501108,2.0805E+12,18,250
2080501126,2.0805E+12,1,236
2080501126,2.0805E+12,2,143
2080501128,2.0805E+12,1,153
2080501128,2.0805E+12,2,94
2080501128,2.0805E+12,3,246
2080501128,2.0805E+12,4,264
2080501128,2.0805E+12,5,167
2080501128,2.0805E+12,6,156
2080501128,2.0805E+12,7,116
2080501128,2.0805E+12,8,470
2080501136,2.0805E+12,1,750
2080501136,2.0805E+12,2,5
2080501136,2.0805E+12,3,616
2080501136,2.0805E+12,4,674
2080501136,2.0805E+12,5,635
2080501136,2.0805E+12,6,372
2080501136,2.0805E+12,7,155
2080501136,2.0805E+12,8,61
2080501136,2.0805E+12,9,825
2080501136,2.0805E+12,10,163
2080501136,2.0805E+12,11,56
2080501136,2.0805E+12,12,640
2080501136,2.0805E+12,13,178
2080601149,2.0806E+12,1,498
2080601149,2.0806E+12,2,431
2080601149,2.0806E+12,3,64
2080601149,2.0806E+12,4,584
2080601149,2.0806E+12,5,15
2080601149,2.0806E+12,6,213
2080601149,2.0806E+12,7,508
2080601149,2.0806E+12,8,142
2080601149,2.0806E+12,9,979
2080601149,2.0806E+12,10,693
2080601149,2.0806E+12,11,870
2080601149,2.0806E+12,12,958
2080601149,2.0806E+12,13,569
2080601149,2.0806E+12,14,598
2080601149,2.0806E+12,15,321
2080601149,2.0806E+12,16,142
2080601149,2.0806E+12,17,165
2080601149,2.0806E+12,18,996
2080601149,2.0806E+12,19,682
2080601149,2.0806E+12,20,45
2080701169,2.0807E+12,1,630
2080701169,2.0807E+12,2,963
2080701169,2.0807E+12,3,910
2080701169,2.0807E+12,4,765
2080701169,2.0807E+12,5,595
2080701169,2.0807E+12,6,702
2080701175,2.0807E+12,1,541
2080701175,2.0807E+12,2,382
2080701175,2.0807E+12,3,238
2090101178,2.0901E+12,1,219
2090101178,2.0901E+12,2,864
2090101180,2.0901E+12,1,533
2090101180,2.0901E+12,2,634
2090101180,2.0901E+12,3,74
2090101180,2.0901E+12,4,697
2090101180,2.0901E+12,5,524
2090101180,2.0901E+12,6,738
2090101180,2.0901E+12,7,914
2090101180,2.0901E+12,8,811
2090101188,2.0901E+12,1,55
2090101188,2.0901E+12,2,534
2090101188,2.0901E+12,3,451
2090101188,2.0901E+12,4,551
2090101188,2.0901E+12,5,317
2090301193,2.0903E+12,1,297
2090301193,2.0903E+12,2,226
2090301193,2.0903E+12,3,434
2090301193,2.0903E+12,4,714
2090301193,2.0903E+12,5,924
2090301193,2.0903E+12,6,976
2090301193,2.0903E+12,7,23
2090301193,2.0903E+12,8,330
2090301193,2.0903E+12,9,876
2090501202,2.0905E+12,1,976
2090501202,2.0905E+12,2,985
2090501202,2.0905E+12,3,179
2090501202,2.0905E+12,4,827
2090501202,2.0905E+12,5,629
2090501202,2.0905E+12,6,635
2090501202,2.0905E+12,7,973
2090501202,2.0905E+12,8,731
2090501202,2.0905E+12,9,106
2090501202,2.0905E+12,10,60
2090501202,2.0905E+12,11,212
2100101213,2.1001E+12,1,81
2100101213,2.1001E+12,2,392
2100101213,2.1001E+12,3,147
2100101213,2.1001E+12,4,530
2100101213,2.1001E+12,5,865
2100101213,2.1001E+12,6,828
2100101213,2.1001E+12,7,527
2100101220,2.1001E+12,1,340
2100101220,2.1001E+12,2,124
2100101220,2.1001E+12,3,894
2100101220,2.1001E+12,4,791
2100101220,2.1001E+12,5,48
2100101220,2.1001E+12,6,930
2100101220,2.1001E+12,7,24
2100101220,2.1001E+12,8,149
2100101220,2.1001E+12,9,55
2100101220,2.1001E+12,10,395
2100101220,2.1001E+12,11,103
2100101220,2.1001E+12,12,588
2100101220,2.1001E+12,13,16
2100101220,2.1001E+12,14,159
2100101220,2.1001E+12,15,583
2100101220,2.1001E+12,16,883
2100101220,2.1001E+12,17,448
2100101220,2.1001E+12,18,592
2100101220,2.1001E+12,19,331
2100101220,2.1001E+12,20,605
2100201240,2.1002E+12,1,715
2100201240,2.1002E+12,2,730
2100201240,2.1002E+12,3,754
2100201240,2.1002E+12,4,260
2100201240,2.1002E+12,5,498
2100201240,2.1002E+12,6,687
2100201240,2.1002E+12,7,750
2100201240,2.1002E+12,8,782
2100201240,2.1002E+12,9,738
2100201240,2.1002E+12,10,59
2100201240,2.1002E+12,11,642
2100201240,2.1002E+12,12,199
2100201240,2.1002E+12,13,135
2100201253,2.1002E+12,1,195
2100201253,2.1002E+12,2,121
2100201253,2.1002E+12,3,40
2100201253,2.1002E+12,4,746
2100201253,2.1002E+12,5,26
2100201253,2.1002E+12,6,835
2100201253,2.1002E+12,7,957
2100201253,2.1002E+12,8,756
2100201253,2.1002E+12,9,150
2100201253,2.1002E+12,10,975
2100201253,2.1002E+12,11,241
2100201253,2.1002E+12,12,773
2100201253,2.1002E+12,13,67
2100201253,2.1002E+12,14,377
2100201253,2.1002E+12,15,168
2100201253,2.1002E+12,16,926
2100201253,2.1002E+12,17,612
2100201253,2.1002E+12,18,35
2100201253,2.1002E+12,19,251
2100301272,2.1003E+12,1,727
2100301272,2.1003E+12,2,706
2100301272,2.1003E+12,3,507
2100301272,2.1003E+12,4,102
2100301272,2.1003E+12,5,319
2100301272,2.1003E+12,6,433
2100301272,2.1003E+12,7,808
2100301272,2.1003E+12,8,477
2100301272,2.1003E+12,9,537
2100301272,2.1003E+12,10,823
2100301272,2.1003E+12,11,968
2100301272,2.1003E+12,12,350
2100301272,2.1003E+12,13,714
2100301272,2.1003E+12,14,7
2100301272,2.1003E+12,15,172
2100301272,2.1003E+12,16,343
2100301272,2.1003E+12,17,87
2100301272,2.1003E+12,18,749
2100301272,2.1003E+12,19,712
2100501291,2.1005E+12,1,448
2100501291,2.1005E+12,2,569
2100501291,2.1005E+12,3,288
2100501291,2.1005E+12,4,157
2100501291,2.1005E+12,5,262
2100501291,2.1005E+12,6,428
2100501291,2.1005E+12,7,976
2100501291,2.1005E+12,8,484
2100501291,2.1005E+12,9,400
2100601300,2.1006E+12,1,688
2100601300,2.1006E+12,2,624
2100601300,2.1006E+12,3,199
2100601300,2.1006E+12,4,98
2100601300,2.1006E+12,5,140
2100601300,2.1006E+12,6,443
2100601300,2.1006E+12,7,595
2100601300,2.1006E+12,8,678
2100601308,2.1006E+12,1,585
2100601308,2.1006E+12,2,824
2100601308,2.1006E+12,3,676
2100601308,2.1006E+12,4,751
2100601308,2.1006E+12,5,785
2100601308,2.1006E+12,6,744
2100601308,2.1006E+12,7,849
2100601308,2.1006E+12,8,436
2100601308,2.1006E+12,9,189
2100601308,2.1006E+12,10,132
2110101318,2.1101E+12,1,849
2110101318,2.1101E+12,2,258
2110101318,2.1101E+12,3,998
2110101318,2.1101E+12,4,571
2110101318,2.1101E+12,5,694
2110101318,2.1101E+12,6,543
2110101318,2.1101E+12,7,893
2110101318,2.1101E+12,8,15
2110101318,2.1101E+12,9,362
2110101318,2.1101E+12,10,484
2110101318,2.1101E+12,11,748
2110101318,2.1101E+12,12,956
2110101318,2.1101E+12,13,991
2110101318,2.1101E+12,14,324
2110101332,2.1101E+12,1,359
2110101332,2.1101E+12,2,573
2110101332,2.1101E+12,3,340
2110101332,2.1101E+12,4,526
2110101332,2.1101E+12,5,189
2110101332,2.1101E+12,6,317
2110101332,2.1101E+12,7,409
2110101332,2.1101E+12,8,715
2110101332,2.1101E+12,9,512
2110101332,2.1101E+12,10,868
2110101332,2.1101E+12,11,531
2110101332,2.1101E+12,12,810
2110101332,2.1101E+12,13,123
2110101332,2.1101E+12,14,269
2110101332,2.1101E+12,15,73
2110201347,2.1102E+12,1,982
2110201347,2.1102E+12,2,315
2110201347,2.1102E+12,3,959
2110201347,2.1102E+12,4,258
2110201347,2.1102E+12,5,221
2110201347,2.1102E+12,6,939
2110301353,2.1103E+12,1,746
2110301353,2.1103E+12,2,92
2110301353,2.1103E+12,3,841
2110301353,2.1103E+12,4,407
2110301353,2.1103E+12,5,950
2110301353,2.1103E+12,6,662
2110301353,2.1103E+12,7,296
2110301353,2.1103E+12,8,736
2110301353,2.1103E+12,9,969
2110301353,2.1103E+12,10,768
2110301363,2.1103E+12,1,989
2110301363,2.1103E+12,2,301
2110301363,2.1103E+12,3,344
2110301363,2.1103E+12,4,740
2110301363,2.1103E+12,5,946
2110301363,2.1103E+12,6,589
2110301363,2.1103E+12,7,255
2110301363,2.1103E+12,8,486
2110301363,2.1103E+12,9,689
2110301363,2.1103E+12,10,415
2110401373,2.1104E+12,1,886
2110401373,2.1104E+12,2,628
2110401373,2.1104E+12,3,169
2110401373,2.1104E+12,4,519
2110401373,2.1104E+12,5,948
2110401373,2.1104E+12,6,122
2110401373,2.1104E+12,7,66
2110401373,2.1104E+12,8,256
2110401381,2.1104E+12,1,988
2110401381,2.1104E+12,2,177
2110401381,2.1104E+12,3,52
2110501384,2.1105E+12,1,436
2110501384,2.1105E+12,2,603
2110501384,2.1105E+12,3,813
2120101387,2.1201E+12,1,108
2120101387,2.1201E+12,2,139
2120101387,2.1201E+12,3,365
2120101387,2.1201E+12,4,104
2120101387,2.1201E+12,5,668
2120101387,2.1201E+12,6,692
2120101387,2.1201E+12,7,948
2120101387,2.1201E+12,8,876
2120101387,2.1201E+12,9,512
2120101387,2.1201E+12,10,54
2120101387,2.1201E+12,11,241
2120101387,2.1201E+12,12,197
2120101399,2.1201E+12,1,210
2120101399,2.1201E+12,2,619
2120301401,2.1203E+12,1,672
2120301401,2.1203E+12,2,68
2120301401,2.1203E+12,3,993
2120301401,2.1203E+12,4,136
2120301401,2.1203E+12,5,885
2120301401,2.1203E+12,6,254
2120301401,2.1203E+12,7,343
2120301401,2.1203E+12,8,91
2120301401,2.1203E+12,9,546
2120301401,2.1203E+12,10,442
2120301401,2.1203E+12,11,172
2120301401,2.1203E+12,12,759
2120301401,2.1203E+12,13,792
2120301401,2.1203E+12,14,351
2120301401,2.1203E+12,15,727
2120301401,2.1203E+12,16,973
2120301417,2.1203E+12,1,483
2120401418,2.1204E+12,1,187
2120401418,2.1204E+12,2,141
2120401418,2.1204E+12,3,213
2120401418,2.1204E+12,4,773
2120401418,2.1204E+12,5,846
2120401418,2.1204E+12,6,830
2120401418,2.1204E+12,7,889
2120401418,2.1204E+12,8,351
2120401418,2.1204E+12,9,365
2120401418,2.1204E+12,10,185
2120401418,2.1204E+12,11,210
2120401418,2.1204E+12,12,566
2120401418,2.1204E+12,13,796
2120401418,2.1204E+12,14,873
2120401418,2.1204E+12,15,119
2120401418,2.1204E+12,16,942
2120401418,2.1204E+12,17,906
2130101435,2.1301E+12,1,395
2130101435,2.1301E+12,2,788
2130101435,2.1301E+12,3,522
2130101435,2.1301E+12,4,189
2130101435,2.1301E+12,5,760
2130101435,2.1301E+12,6,348
2130101435,2.1301E+12,7,226
2130101435,2.1301E+12,8,241
2130201443,2.1302E+12,1,114
2130301444,2.1303E+12,1,247
2130301444,2.1303E+12,2,888
2130301444,2.1303E+12,3,434
2130301444,2.1303E+12,4,291
2130301444,2.1303E+12,5,825
2130301444,2.1303E+12,6,114
2130301444,2.1303E+12,7,919
2130301444,2.1303E+12,8,620
2130301444,2.1303E+12,9,965
2130301444,2.1303E+12,10,254
2130301444,2.1303E+12,11,991
2130301444,2.1303E+12,12,994
2130301444,2.1303E+12,13,129
2130301444,2.1303E+12,14,947
2130401458,2.1304E+12,1,623
2130401458,2.1304E+12,2,477
2130401458,2.1304E+12,3,645
2130401458,2.1304E+12,4,879
2130401462,2.1304E+12,1,770
2130401462,2.1304E+12,2,503
2130401462,2.1304E+12,3,526
2130401462,2.1304E+12,4,377
2130401462,2.1304E+12,5,844
2130401462,2.1304E+12,6,397
2130401462,2.1304E+12,7,18
2130401462,2.1304E+12,8,251
2130401462,2.1304E+12,9,268
2130401462,2.1304E+12,10,141
2130401462,2.1304E+12,11,247
2130401462,2.1304E+12,12,421
2130401462,2.1304E+12,13,328
2130401462,2.1304E+12,14,602
2130401462,2.1304E+12,15,808
2130401462,2.1304E+12,16,569
2130401462,2.1304E+12,17,278
2130401462,2.1304E+12,18,396
2140101480,2.1401E+12,1,815
2140101480,2.1401E+12,2,785
2140101480,2.1401E+12,3,636
2140101480,2.1401E+12,4,557
2140101480,2.1401E+12,5,957
2140101480,2.1401E+12,6,901
2140101480,2.1401E+12,7,390
2140101480,2.1401E+12,8,967
2140101480,2.1401E+12,9,735
2140101480,2.1401E+12,10,517
2140101480,2.1401E+12,11,384
2140101480,2.1401E+12,12,294
2140101480,2.1401E+12,13,245
2140101480,2.1401E+12,14,219
2140101480,2.1401E+12,15,50
2140101480,2.1401E+12,16,578
2140101480,2.1401E+12,17,222
2140101480,2.1401E+12,18,837
2140101480,2.1401E+12,19,878
2140101499,2.1401E+12,1,560
2140101499,2.1401E+12,2,139
2140101499,2.1401E+12,3,609
2140101499,2.1401E+12,4,961
2140101499,2.1401E+12,5,617
2140101499,2.1401E+12,6,140
2140101499,2.1401E+12,7,218
2140101499,2.1401E+12,8,340
2140201507,2.1402E+12,1,630
2140201507,2.1402E+12,2,827
2140201507,2.1402E+12,3,764
2140201507,2.1402E+12,4,480
2140201511,2.1402E+12,1,323
2140201511,2.1402E+12,2,519
2140201511,2.1402E+12,3,575
2140201511,2.1402E+12,4,412
2140201511,2.1402E+12,5,622
2140201511,2.1402E+12,6,45
2140201511,2.1402E+12,7,452
2140201511,2.1402E+12,8,424
2140201511,2.1402E+12,9,222
2140201511,2.1402E+12,10,340
2140201511,2.1402E+12,11,477
2140201511,2.1402E+12,12,734
2140201511,2.1402E+12,13,914
2140201511,2.1402E+12,14,282
2140201511,2.1402E+12,15,456
2140201511,2.1402E+12,16,615
2140201511,2.1402E+12,17,96
2150101528,2.1501E+12,1,289
2150101528,2.1501E+12,2,722
2150101528,2.1501E+12,3,657
2150101528,2.1501E+12,4,648
2150101528,2.1501E+12,5,852
2150101528,2.1501E+12,6,531
2150101528,2.1501E+12,7,46
2150101528,2.1501E+12,8,11
2150101528,2.1501E+12,9,146
2150101528,2.1501E+12,10,365
2150101528,2.1501E+12,11,114
2150101528,2.1501E+12,12,13
2150101528,2.1501E+12,13,522
2150101528,2.1501E+12,14,599
2150101528,2.1501E+12,15,482
2150101528,2.1501E+12,16,57
2150101544,2.1501E+12,1,868
2150101544,2.1501E+12,2,554
2150101544,2.1501E+12,3,844
2150101544,2.1501E+12,4,434
2150101544,2.1501E+12,5,51
2150101544,2.1501E+12,6,881
2150101544,2.1501E+12,7,932
2150101544,2.1501E+12,8,596
2150101544,2.1501E+12,9,848
2150101544,2.1501E+12,10,755
2150101544,2.1501E+12,11,977
2150101544,2.1501E+12,12,518
2150101544,2.1501E+12,13,280
2150101544,2.1501E+12,14,776
2150101558,2.1501E+12,1,609
2150101558,2.1501E+12,2,494
2150101558,2.1501E+12,3,465
2150101558,2.1501E+12,4,443
2150101558,2.1501E+12,5,532
2150101558,2.1501E+12,6,796
2150101558,2.1501E+12,7,751
2150201565,2.1502E+12,1,641
2150201565,2.1502E+12,2,738
2150201565,2.1502E+12,3,488
2150201565,2.1502E+12,4,382
2150201565,2.1502E+12,5,551
2150201565,2.1502E+12,6,143
2150201565,2.1502E+12,7,12
2150201565,2.1502E+12,8,585
2150201565,2.1502E+12,9,606
2150201565,2.1502E+12,10,391
2150201575,2.1502E+12,1,558
2160101576,2.1601E+12,1,865
2160101577,2.1601E+12,1,122
2160101577,2.1601E+12,2,788
2160101577,2.1601E+12,3,727
2160101577,2.1601E+12,4,262
2160101577,2.1601E+12,5,148
2160101577,2.1601E+12,6,391
2160101577,2.1601E+12,7,332
2160101577,2.1601E+12,8,670
2160101577,2.1601E+12,9,480
2160101577,2.1601E+12,10,541
2160101577,2.1601E+12,11,566
2160101577,2.1601E+12,12,857
2160101577,2.1601E+12,13,30
2160101577,2.1601E+12,14,456
2160101577,2.1601E+12,15,986
2160101577,2.1601E+12,16,80
2160101577,2.1601E+12,17,42
2160101577,2.1601E+12,18,282
2160101577,2.1601E+12,19,325
2160101577,2.1601E+12,20,839
2160101597,2.1601E+12,1,839
2160101597,2.1601E+12,2,626
2160101597,2.1601E+12,3,743
2160101597,2.1601E+12,4,892
2160101597,2.1601E+12,5,926
2160101597,2.1601E+12,6,77
2160101597,2.1601E+12,7,798
2160101597,2.1601E+12,8,274
2160101597,2.1601E+12,9,254
2160101597,2.1601E+12,10,587
2160101597,2.1601E+12,11,327
2160101597,2.1601E+12,12,920
2160101597,2.1601E+12,13,14
2160101597,2.1601E+12,14,376
2160101597,2.1601E+12,15,151
2160101597,2.1601E+12,16,697
2160101597,2.1601E+12,17,902
2160101597,2.1601E+12,18,341
2160101597,2.1601E+12,19,902
2160101597,2.1601E+12,20,51
2160101617,2.1601E+12,1,738
2160101617,2.1601E+12,2,555
2160101617,2.1601E+12,3,212
2160101617,2.1601E+12,4,508
2160101617,2.1601E+12,5,670
2160101617,2.1601E+12,6,678
2160101617,2.1601E+12,7,864
2160201624,2.1602E+12,1,737
2160201624,2.1602E+12,2,973
2160201624,2.1602E+12,3,865
2160201624,2.1602E+12,4,535
2160201624,2.1602E+12,5,888
2160201624,2.1602E+12,6,687
2170201630,2.1702E+12,1,967
2170201630,2.1702E+12,2,204
2170201630,2.1702E+12,3,753
2170201630,2.1702E+12,4,860
2170201630,2.1702E+12,5,597
2170201630,2.1702E+12,6,503
2170201630,2.1702E+12,7,697
2170201630,2.1702E+12,8,574
2170201630,2.1702E+12,9,853
2170201630,2.1702E+12,10,65
2170201630,2.1702E+12,11,708
2170201630,2.1702E+12,12,811
2170201630,2.1702E+12,13,684
2170201630,2.1702E+12,14,648
2170201630,2.1702E+12,15,820
2170301645,2.1703E+12,1,737
2170301645,2.1703E+12,2,808
2170301645,2.1703E+12,3,846
2170301645,2.1703E+12,4,274
2170301645,2.1703E+12,5,868
2170301645,2.1703E+12,6,326
2170301645,2.1703E+12,7,909
2170301645,2.1703E+12,8,286
2170301645,2.1703E+12,9,230
2170301645,2.1703E+12,10,350
2170301645,2.1703E+12,11,861
2170301645,2.1703E+12,12,992
2170301645,2.1703E+12,13,787
2170301645,2.1703E+12,14,508
2170301659,2.1703E+12,1,666
2170301659,2.1703E+12,2,919
2170301659,2.1703E+12,3,117
2170301659,2.1703E+12,4,253
2170301659,2.1703E+12,5,815
2170301659,2.1703E+12,6,846
2170301659,2.1703E+12,7,763
2170301659,2.1703E+12,8,462
2170301659,2.1703E+12,9,29
2170301659,2.1703E+12,10,245
2170301659,2.1703E+12,11,427
2170301659,2.1703E+12,12,447
2170301659,2.1703E+12,13,231
2170301659,2.1703E+12,14,392
2170301659,2.1703E+12,15,566
2170301659,2.1703E+12,16,626
2170301659,2.1703E+12,17,179
2170301659,2.1703E+12,18,893
2170301659,2.1703E+12,19,599
2170301659,2.1703E+12,20,152
2180101679,2.1801E+12,1,493
2180101679,2.1801E+12,2,982
2180101679,2.1801E+12,3,279
2180101682,2.1801E+12,1,620
2180101682,2.1801E+12,2,325
2180101682,2.1801E+12,3,434
2180201685,2.1802E+12,1,953
2180201685,2.1802E+12,2,355
2180301687,2.1803E+12,1,24
2180301687,2.1803E+12,2,489
2180301687,2.1803E+12,3,835
2180301687,2.1803E+12,4,453
2180301687,2.1803E+12,5,93
2180301687,2.1803E+12,6,237
2180301687,2.1803E+12,7,599
2180301687,2.1803E+12,8,261
2180301687,2.1803E+12,9,254
2180301687,2.1803E+12,10,505
2180301687,2.1803E+12,11,136
2180301687,2.1803E+12,12,3
2180301687,2.1803E+12,13,244
2180301687,2.1803E+12,14,267
2180301687,2.1803E+12,15,785
2180301687,2.1803E+12,16,763
2180301687,2.1803E+12,17,942
2180301687,2.1803E+12,18,913
2190201705,2.1902E+12,1,619
2190201705,2.1902E+12,2,513
2190201705,2.1902E+12,3,261
2190201705,2.1902E+12,4,240
2190201705,2.1902E+12,5,615
2190201705,2.1902E+12,6,904
2190201705,2.1902E+12,7,139
2190201705,2.1902E+12,8,21
2190201705,2.1902E+12,9,643
2190201705,2.1902E+12,10,447
2190201705,2.1902E+12,11,52
2190201705,2.1902E+12,12,741
2200201717,2.2002E+12,1,12
2200201717,2.2002E+12,2,341
2200201717,2.2002E+12,3,591
2200201717,2.2002E+12,4,907
2200201717,2.2002E+12,5,340
2200201717,2.2002E+12,6,912
2200201717,2.2002E+12,7,715
2200201717,2.2002E+12,8,966
2200201717,2.2002E+12,9,766
2200201717,2.2002E+12,10,497
2200201717,2.2002E+12,11,456
2200201728,2.2002E+12,1,951
2200201728,2.2002E+12,2,328
2200201728,2.2002E+12,3,737
2200201731,2.2002E+12,1,368
2200201731,2.2002E+12,2,832
2200201731,2.2002E+12,3,14
2200201731,2.2002E+12,4,345
2200201731,2.2002E+12,5,567
2200201731,2.2002E+12,6,761
2200201731,2.2002E+12,7,60
2200201731,2.2002E+12,8,313
2200201731,2.2002E+12,9,151
2200201731,2.2002E+12,10,139
2200201731,2.2002E+12,11,334
2200201731,2.2002E+12,12,533
2200201731,2.2002E+12,13,460
2200201731,2.2002E+12,14,904
2200201731,2.2002E+12,15,416
2200201731,2.2002E+12,16,1
2200201731,2.2002E+12,17,645
2200201731,2.2002E+12,18,356
2200201731,2.2002E+12,19,415
3020101750,3.0201E+12,1,69
3020101750,3.0201E+12,2,519
3020101750,3.0201E+12,3,924
3020101750,3.0201E+12,4,832
3020101750,3.0201E+12,5,610
3020101750,3.0201E+12,6,95
3020101750,3.0201E+12,7,145
3020101750,3.0201E+12,8,257
3020101750,3.0201E+12,9,534
3020101750,3.0201E+12,10,815
3020101750,3.0201E+12,11,790
3020201761,3.0202E+12,1,296
3020201761,3.0202E+12,2,819
3020201761,3.0202E+12,3,921
3020201761,3.0202E+12,4,551
3020201761,3.0202E+12,5,696
3020201761,3.0202E+12,6,851
3020201761,3.0202E+12,7,775
3020201761,3.0202E+12,8,507
3020201761,3.0202E+12,9,237
3020201761,3.0202E+12,10,394
3020201761,3.0202E+12,11,978
3020201761,3.0202E+12,12,451
3020201761,3.0202E+12,13,213
3020201761,3.0202E+12,14,658
3020201761,3.0202E+12,15,849
3020201776,3.0202E+12,1,261
3020201776,3.0202E+12,2,297
3020201776,3.0202E+12,3,471
3020201776,3.0202E+12,4,349
3020201776,3.0202E+12,5,464
3020201776,3.0202E+12,6,366
3020201776,3.0202E+12,7,437
3020201776,3.0202E+12,8,521
3020201776,3.0202E+12,9,877
3020201776,3.0202E+12,10,831
3020201776,3.0202E+12,11,212
3020201776,3.0202E+12,12,44
3020201776,3.0202E+12,13,85
3020201776,3.0202E+12,14,286
3020201776,3.0202E+12,15,422
3020201776,3.0202E+12,16,441
3020201776,3.0202E+12,17,114
3020201793,3.0202E+12,1,472
3020201793,3.0202E+12,2,613
3020201793,3.0202E+12,3,228
3020201793,3.0202E+12,4,382
3020201793,3.0202E+12,5,561
3020201793,3.0202E+12,6,532
3020201793,3.0202E+12,7,515
3020201793,3.0202E+12,8,201
3020201793,3.0202E+12,9,255
3020201793,3.0202E+12,10,693
3020201793,3.0202E+12,11,241
3020201793,3.0202E+12,12,964
3020201793,3.0202E+12,13,293
3020201793,3.0202E+12,14,810
3020201793,3.0202E+12,15,652
3020201793,3.0202E+12,16,769
3020201793,3.0202E+12,17,426
3020201793,3.0202E+12,18,451
3020201793,3.0202E+12,19,596
3020301812,3.0203E+12,1,834
3020301812,3.0203E+12,2,905
3020301812,3.0203E+12,3,735
3020301812,3.0203E+12,4,686
3020301812,3.0203E+12,5,601
3020301812,3.0203E+12,6,749
3020301812,3.0203E+12,7,511
3020301812,3.0203E+12,8,597
3030201820,3.0302E+12,1,744
3030201820,3.0302E+12,2,274
3030201820,3.0302E+12,3,176
3030201820,3.0302E+12,4,391
3030201820,3.0302E+12,5,33
3030201820,3.0302E+12,6,772
3030201826,3.0302E+12,1,991
3030201826,3.0302E+12,2,722
3030201826,3.0302E+12,3,40
3030201826,3.0302E+12,4,861
3030201826,3.0302E+12,5,853
3030201826,3.0302E+12,6,955
3030201826,3.0302E+12,7,906
3030201826,3.0302E+12,8,253
3030201826,3.0302E+12,9,490
3030201826,3.0302E+12,10,89
3030201836,3.0302E+12,1,979
3030201836,3.0302E+12,2,931
3030201836,3.0302E+12,3,930
3030201836,3.0302E+12,4,876
3030201836,3.0302E+12,5,92
3030201836,3.0302E+12,6,27
3030201836,3.0302E+12,7,742
3030201836,3.0302E+12,8,102
3030201836,3.0302E+12,9,718
3030201836,3.0302E+12,10,168
3030201836,3.0302E+12,11,207
3030201836,3.0302E+12,12,279
3030201836,3.0302E+12,13,70
3030201836,3.0302E+12,14,735
3030201836,3.0302E+12,15,432
3030301851,3.0303E+12,1,575
3030301851,3.0303E+12,2,80
3030301851,3.0303E+12,3,511
3030301851,3.0303E+12,4,441
3030301851,3.0303E+12,5,305
3030301851,3.0303E+12,6,673
3030301851,3.0303E+12,7,337
3030301851,3.0303E+12,8,103
3030301851,3.0303E+12,9,176
3030301851,3.0303E+12,10,859
3030301851,3.0303E+12,11,566
3030301851,3.0303E+12,12,735
3030301851,3.0303E+12,13,874
3030301851,3.0303E+12,14,152
3030301851,3.0303E+12,15,310
3030301851,3.0303E+12,16,85
3030301851,3.0303E+12,17,428
3030301851,3.0303E+12,18,740
3030301851,3.0303E+12,19,872
3040101870,3.0401E+12,1,271
3040101870,3.0401E+12,2,158
3040101870,3.0401E+12,3,20
3040101870,3.0401E+12,4,627
3040101870,3.0401E+12,5,257
3040101870,3.0401E+12,6,548
3040101870,3.0401E+12,7,819
3040101870,3.0401E+12,8,308
3040101870,3.0401E+12,9,536
3040101870,3.0401E+12,10,213
3040101880,3.0401E+12,1,947
3040101880,3.0401E+12,2,11
3040101880,3.0401E+12,3,786
3040101880,3.0401E+12,4,574
3040101880,3.0401E+12,5,503
3040101880,3.0401E+12,6,426
3040101880,3.0401E+12,7,499
3040101880,3.0401E+12,8,655
3040201888,3.0402E+12,1,121
3040201888,3.0402E+12,2,699
3040301890,3.0403E+12,1,308
3040301890,3.0403E+12,2,630
3040301890,3.0403E+12,3,680
3040301890,3.0403E+12,4,815
3040301890,3.0403E+12,5,706
3050101895,3.0501E+12,1,819
3050101895,3.0501E+12,2,72
3050101897,3.0501E+12,1,821
3050101897,3.0501E+12,2,319
3050101897,3.0501E+12,3,198
3050101897,3.0501E+12,4,836
3050101897,3.0501E+12,5,78
3050101897,3.0501E+12,6,624
3050101897,3.0501E+12,7,952
3050101897,3.0501E+12,8,754
3050101897,3.0501E+12,9,878
3050101897,3.0501E+12,10,408
3050101897,3.0501E+12,11,866
3050101908,3.0501E+12,1,542
3050101908,3.0501E+12,2,826
3050101908,3.0501E+12,3,216
3050101908,3.0501E+12,4,342
3050101908,3.0501E+12,5,277
3050101908,3.0501E+12,6,255
3050101908,3.0501E+12,7,402
3050101908,3.0501E+12,8,573
3050101908,3.0501E+12,9,879
3050101908,3.0501E+12,10,291
3050101908,3.0501E+12,11,329
3050101908,3.0501E+12,12,319
3060201920,3.0602E+12,1,108
3060201920,3.0602E+12,2,170
3060201920,3.0602E+12,3,584
3060201920,3.0602E+12,4,4
3060201920,3.0602E+12,5,991
3060201920,3.0602E+12,6,86
3060201920,3.0602E+12,7,597
3060201920,3.0602E+12,8,119
3060201920,3.0602E+12,9,111
3060201920,3.0602E+12,10,473
3060201920,3.0602E+12,11,979
3060201920,3.0602E+12,12,220
3060201920,3.0602E+12,13,942
3070201933,3.0702E+12,1,453
3070201933,3.0702E+12,2,794
3070201933,3.0702E+12,3,724
3070201936,3.0702E+12,1,4
3070201936,3.0702E+12,2,952
3070201936,3.0702E+12,3,267
3070201936,3.0702E+12,4,373
3070201936,3.0702E+12,5,575
3070201941,3.0702E+12,1,204
3070201941,3.0702E+12,2,157
3070201941,3.0702E+12,3,989
3070201941,3.0702E+12,4,101
3070201941,3.0702E+12,5,688
3070201941,3.0702E+12,6,688
3070201941,3.0702E+12,7,257
3070201941,3.0702E+12,8,857
3070201941,3.0702E+12,9,832
3070201941,3.0702E+12,10,34
3070201941,3.0702E+12,11,856
3070201941,3.0702E+12,12,936
3070201941,3.0702E+12,13,499
3070201941,3.0702E+12,14,418
3070201941,3.0702E+12,15,210
3070201956,3.0702E+12,1,82
3070201956,3.0702E+12,2,702
3070201956,3.0702E+12,3,189
3070201956,3.0702E+12,4,572
3070201956,3.0702E+12,5,413
3070201956,3.0702E+12,6,26
3070201956,3.0702E+12,7,700
3070201956,3.0702E+12,8,254
3070201956,3.0702E+12,9,393
3070201956,3.0702E+12,10,733
3070201956,3.0702E+12,11,675
3070201956,3.0702E+12,12,553
3070201956,3.0702E+12,13,392
3070201956,3.0702E+12,14,864
3070201956,3.0702E+12,15,774
3070201956,3.0702E+12,16,641
3070201956,3.0702E+12,17,671
3070201956,3.0702E+12,18,444
3070201956,3.0702E+12,19,463
3080101975,3.0801E+12,1,93
3080101975,3.0801E+12,2,337
3080101975,3.0801E+12,3,58
3080101975,3.0801E+12,4,829
3080101975,3.0801E+12,5,193
3080101975,3.0801E+12,6,25
3080101975,3.0801E+12,7,356
3080101975,3.0801E+12,8,355
3080101975,3.0801E+12,9,378
3080101984,3.0801E+12,1,759
3080101984,3.0801E+12,2,172
3080101984,3.0801E+12,3,728
3080101984,3.0801E+12,4,237
3080101984,3.0801E+12,5,843
3080101984,3.0801E+12,6,364
3080101984,3.0801E+12,7,18
3080101991,3.0801E+12,1,31
3080101991,3.0801E+12,2,248
3080101991,3.0801E+12,3,610
3080101991,3.0801E+12,4,599
3080101991,3.0801E+12,5,293
3080101991,3.0801E+12,6,220
3080101991,3.0801E+12,7,544
3080101991,3.0801E+12,8,587
3080101991,3.0801E+12,9,341
3080101991,3.0801E+12,10,958
3080101991,3.0801E+12,11,308
3080101991,3.0801E+12,12,306
3080202003,3.0802E+12,1,360
3080202003,3.0802E+12,2,667
3080202003,3.0802E+12,3,744
3080202003,3.0802E+12,4,305
3080202003,3.0802E+12,5,676
3080202003,3.0802E+12,6,419
3080202003,3.0802E+12,7,749
3080302010,3.0803E+12,1,384
3080302010,3.0803E+12,2,293
3080302010,3.0803E+12,3,373
3080302010,3.0803E+12,4,598
3080302010,3.0803E+12,5,973
3080302010,3.0803E+12,6,604
3080302010,3.0803E+12,7,159
3080302010,3.0803E+12,8,583
3080302010,3.0803E+12,9,896
3080302010,3.0803E+12,10,405
3080302010,3.0803E+12,11,633
3080302010,3.0803E+12,12,73
3080302010,3.0803E+12,13,623
3080302010,3.0803E+12,14,919
3080302010,3.0803E+12,15,472
3080302010,3.0803E+12,16,260
3080302010,3.0803E+12,17,141
3080302010,3.0803E+12,18,337
3080302010,3.0803E+12,19,843
3080302010,3.0803E+12,20,40
3090102030,3.0901E+12,1,603
3090102030,3.0901E+12,2,758
3090102030,3.0901E+12,3,867
3090102030,3.0901E+12,4,64
3090102030,3.0901E+12,5,580
3090102030,3.0901E+12,6,752
3090102030,3.0901E+12,7,596
3090102030,3.0901E+12,8,709
3090102030,3.0901E+12,9,868
3090102030,3.0901E+12,10,206
3090102030,3.0901E+12,11,105
3090102030,3.0901E+12,12,212
3090102030,3.0901E+12,13,402
3090102030,3.0901E+12,14,597
3090102030,3.0901E+12,15,926
3090102030,3.0901E+12,16,305
3090102030,3.0901E+12,17,375
3090102030,3.0901E+12,18,77
3090102030,3.0901E+12,19,284
3090102049,3.0901E+12,1,854
3090102049,3.0901E+12,2,967
3090202051,3.0902E+12,1,693
3090202051,3.0902E+12,2,778
3090202051,3.0902E+12,3,16
3090202051,3.0902E+12,4,772
3090202051,3.0902E+12,5,365
3090202051,3.0902E+12,6,275
3090202051,3.0902E+12,7,668
3090202051,3.0902E+12,8,514
3090202051,3.0902E+12,9,935
3090202051,3.0902E+12,10,539
3090202051,3.0902E+12,11,429
3090202051,3.0902E+12,12,353
3090202051,3.0902E+12,13,856
3090202051,3.0902E+12,14,946
3090202051,3.0902E+12,15,143
3090202051,3.0902E+12,16,576
3090202051,3.0902E+12,17,677
3090302068,3.0903E+12,1,628
3090302068,3.0903E+12,2,966
3090302068,3.0903E+12,3,440
3090302068,3.0903E+12,4,132
3090302072,3.0903E+12,1,791
3090302072,3.0903E+12,2,130
3090302072,3.0903E+12,3,669
3100102075,3.1001E+12,1,753
3100102076,3.1001E+12,1,864
3100102076,3.1001E+12,2,812
3100102076,3.1001E+12,3,997
3100102076,3.1001E+12,4,519
3100102076,3.1001E+12,5,239
3100102076,3.1001E+12,6,284
3100102076,3.1001E+12,7,196
3100102076,3.1001E+12,8,571
3100102076,3.1001E+12,9,180
3100102076,3.1001E+12,10,885
3100102076,3.1001E+12,11,360
3100102076,3.1001E+12,12,871
3100102076,3.1001E+12,13,602
3100102076,3.1001E+12,14,468
3100102076,3.1001E+12,15,609
3100102076,3.1001E+12,16,755
3100102076,3.1001E+12,17,514
3100102076,3.1001E+12,18,79
3100102076,3.1001E+12,19,682
3100102076,3.1001E+12,20,306
3100202096,3.1002E+12,1,815
3100202096,3.1002E+12,2,410
3100202096,3.1002E+12,3,435
3100202096,3.1002E+12,4,497
3100202096,3.1002E+12,5,585
3100202096,3.1002E+12,6,988
3100202096,3.1002E+12,7,735
3100202096,3.1002E+12,8,906
3100202104,3.1002E+12,1,58
3100202104,3.1002E+12,2,161
3100202104,3.1002E+12,3,986
3100202104,3.1002E+12,4,318
3100202104,3.1002E+12,5,450
3100202104,3.1002E+12,6,759
3100202104,3.1002E+12,7,996
3100202104,3.1002E+12,8,98
3100202104,3.1002E+12,9,333
3100202104,3.1002E+12,10,551
3100202104,3.1002E+12,11,988
3100202104,3.1002E+12,12,291
3100202116,3.1002E+12,1,570
3100202116,3.1002E+12,2,686
3100202116,3.1002E+12,3,485
3100202116,3.1002E+12,4,846
3100202116,3.1002E+12,5,67
3100202116,3.1002E+12,6,677
3100202116,3.1002E+12,7,286
3100202116,3.1002E+12,8,817
3100202116,3.1002E+12,9,527
3100202116,3.1002E+12,10,460
3100202116,3.1002E+12,11,202
3100202116,3.1002E+12,12,70
3100202116,3.1002E+12,13,453
3100302129,3.1003E+12,1,304
3100302129,3.1003E+12,2,677
3100302129,3.1003E+12,3,557
3100302129,3.1003E+12,4,258
3100302129,3.1003E+12,5,80
3100302129,3.1003E+12,6,645
3100302129,3.1003E+12,7,710
3100302129,3.1003E+12,8,539
3100302129,3.1003E+12,9,832
3100302129,3.1003E+12,10,778
3100302139,3.1003E+12,1,129
3100302139,3.1003E+12,2,286
3100302139,3.1003E+12,3,447
3100302139,3.1003E+12,4,258
3100302139,3.1003E+12,5,235
3100302139,3.1003E+12,6,444
3100302139,3.1003E+12,7,362
3100302139,3.1003E+12,8,417
3100302139,3.1003E+12,9,472
3100302139,3.1003E+12,10,906
3100302139,3.1003E+12,11,611
3100302139,3.1003E+12,12,49
3100302139,3.1003E+12,13,971
3100302139,3.1003E+12,14,941
3100302139,3.1003E+12,15,982
3100302139,3.1003E+12,16,187
3100302139,3.1003E+12,17,318
3100302139,3.1003E+12,18,293
3100302139,3.1003E+12,19,814
3100302139,3.1003E+12,20,387
3110102159,3.1101E+12,1,991
3110102159,3.1101E+12,2,369
3110102159,3.1101E+12,3,730
3110102159,3.1101E+12,4,660
3110102159,3.1101E+12,5,259
3110102159,3.1101E+12,6,139
3110102159,3.1101E+12,7,454
3110102159,3.1101E+12,8,676
3110102159,3.1101E+12,9,623
3110102159,3.1101E+12,10,821
3110102159,3.1101E+12,11,869
3120202170,3.1202E+12,1,255
3120202170,3.1202E+12,2,891
3120202170,3.1202E+12,3,58
3120202170,3.1202E+12,4,500
3120202170,3.1202E+12,5,759
3120202170,3.1202E+12,6,14
3120202170,3.1202E+12,7,386
3120202170,3.1202E+12,8,260
3120202170,3.1202E+12,9,355
3120202170,3.1202E+12,10,166
3120202170,3.1202E+12,11,143
3120202170,3.1202E+12,12,430
3120202170,3.1202E+12,13,496
3120202170,3.1202E+12,14,431
3120202170,3.1202E+12,15,973
3120202170,3.1202E+12,16,571
3120202170,3.1202E+12,17,24
3120202170,3.1202E+12,18,37
3120202170,3.1202E+12,19,694
3120202170,3.1202E+12,20,881
3120202190,3.1202E+12,1,742
3120202190,3.1202E+12,2,795
3120202190,3.1202E+12,3,378
3120202190,3.1202E+12,4,472
3120202190,3.1202E+12,5,619
3120202190,3.1202E+12,6,933
3120202190,3.1202E+12,7,107
3120202190,3.1202E+12,8,13
3120202190,3.1202E+12,9,46
3120202199,3.1202E+12,1,266
3120202199,3.1202E+12,2,313
3120202199,3.1202E+12,3,783
3120202199,3.1202E+12,4,194
3120202199,3.1202E+12,5,149
3120202199,3.1202E+12,6,746
3120202199,3.1202E+12,7,339
3120202199,3.1202E+12,8,943
3120202199,3.1202E+12,9,416
3120202199,3.1202E+12,10,474
3120302209,3.1203E+12,1,384
3120302209,3.1203E+12,2,877
3120302209,3.1203E+12,3,189
3120302209,3.1203E+12,4,708
3120302209,3.1203E+12,5,686
3120302214,3.1203E+12,1,522
3120302214,3.1203E+12,2,907
3120302214,3.1203E+12,3,320
3120302214,3.1203E+12,4,313
3120302214,3.1203E+12,5,304
3120302214,3.1203E+12,6,358
3120302214,3.1203E+12,7,172
3120302214,3.1203E+12,8,145
3120302214,3.1203E+12,9,119
3120402223,3.1204E+12,1,522
3120402223,3.1204E+12,2,603
3120402223,3.1204E+12,3,554
3120402223,3.1204E+12,4,656
3120402223,3.1204E+12,5,574
3120402223,3.1204E+12,6,732
3120402223,3.1204E+12,7,929
3120402223,3.1204E+12,8,374
3120402223,3.1204E+12,9,197
3120402223,3.1204E+12,10,592
3120402223,3.1204E+12,11,64
3120402223,3.1204E+12,12,710
3120402223,3.1204E+12,13,725
3120402223,3.1204E+12,14,820
3120402223,3.1204E+12,15,353
3120402223,3.1204E+12,16,11
3120402223,3.1204E+12,17,304
3120402223,3.1204E+12,18,20
3120502241,3.1205E+12,1,820
3120502241,3.1205E+12,2,928
3120502241,3.1205E+12,3,788
3120502241,3.1205E+12,4,714
3120502241,3.1205E+12,5,350
3120602246,3.1206E+12,1,417
3120602246,3.1206E+12,2,485
3120602246,3.1206E+12,3,858
3120602246,3.1206E+12,4,985
3120602246,3.1206E+12,5,39
3120602246,3.1206E+12,6,948
3120602246,3.1206E+12,7,207
3120602246,3.1206E+12,8,720
3120602246,3.1206E+12,9,730
3120602246,3.1206E+12,10,25
3120602246,3.1206E+12,11,372
3120602246,3.1206E+12,12,794
3120602246,3.1206E+12,13,416
3120602246,3.1206E+12,14,497
3120602246,3.1206E+12,15,259
3120602246,3.1206E+12,16,745
3120602246,3.1206E+12,17,36
3130102263,3.1301E+12,1,104
3130102263,3.1301E+12,2,32
3130102263,3.1301E+12,3,989
3130102263,3.1301E+12,4,472
3130102263,3.1301E+12,5,258
3130102263,3.1301E+12,6,906
3130102263,3.1301E+12,7,793
3130102263,3.1301E+12,8,332
3130102263,3.1301E+12,9,502
3130102263,3.1301E+12,10,880
3130102263,3.1301E+12,11,370
3130102263,3.1301E+12,12,282
3130102263,3.1301E+12,13,192
3130302276,3.1303E+12,1,619
3140102277,3.1401E+12,1,226
3140102277,3.1401E+12,2,907
3140102277,3.1401E+12,3,642
3140102277,3.1401E+12,4,318
3140102277,3.1401E+12,5,878
3140102277,3.1401E+12,6,937
3140102277,3.1401E+12,7,217
3140102277,3.1401E+12,8,492
3140102277,3.1401E+12,9,250
3140102277,3.1401E+12,10,338
3140102277,3.1401E+12,11,976
3140102277,3.1401E+12,12,101
3140102277,3.1401E+12,13,607
3140102277,3.1401E+12,14,441
3140102277,3.1401E+12,15,824
3140102277,3.1401E+12,16,898
3140102277,3.1401E+12,17,563
3140102277,3.1401E+12,18,79
3140102277,3.1401E+12,19,578
3140102277,3.1401E+12,20,140
3140202297,3.1402E+12,1,715
3140202297,3.1402E+12,2,407
3140202297,3.1402E+12,3,854
3140202297,3.1402E+12,4,750
3140202297,3.1402E+12,5,758
3140202297,3.1402E+12,6,976
3140202297,3.1402E+12,7,926
3140202297,3.1402E+12,8,708
3140202297,3.1402E+12,9,400
3140202297,3.1402E+12,10,185
3140202297,3.1402E+12,11,598
3140202297,3.1402E+12,12,959
3140202297,3.1402E+12,13,31
3140202297,3.1402E+12,14,365
3140202297,3.1402E+12,15,503
3140202297,3.1402E+12,16,790
3140202313,3.1402E+12,1,390
3140202313,3.1402E+12,2,391
3140202313,3.1402E+12,3,470
3140202313,3.1402E+12,4,38
3140202313,3.1402E+12,5,186
3140202313,3.1402E+12,6,504
3140202313,3.1402E+12,7,98
3140202320,3.1402E+12,1,530
3140202320,3.1402E+12,2,965
3140202320,3.1402E+12,3,692
3140202320,3.1402E+12,4,918
3140202320,3.1402E+12,5,694
3140202320,3.1402E+12,6,741
3140202320,3.1402E+12,7,496
3140202320,3.1402E+12,8,145
3140202320,3.1402E+12,9,304
3140202320,3.1402E+12,10,996
3140202320,3.1402E+12,11,734
3140202320,3.1402E+12,12,942
3140202320,3.1402E+12,13,350
3140202333,3.1402E+12,1,151
3140202333,3.1402E+12,2,83
3140202333,3.1402E+12,3,715
3140202333,3.1402E+12,4,290
3140202333,3.1402E+12,5,331
3140202333,3.1402E+12,6,705
3140202333,3.1402E+12,7,253
3140202333,3.1402E+12,8,94
3140202333,3.1402E+12,9,100
3140202333,3.1402E+12,10,233
3140202333,3.1402E+12,11,43
3140202333,3.1402E+12,12,350
3140202333,3.1402E+12,13,831
3140202333,3.1402E+12,14,506
3140202333,3.1402E+12,15,416
3140202333,3.1402E+12,16,713
3140202333,3.1402E+12,17,847
3140202333,3.1402E+12,18,359
3140302351,3.1403E+12,1,640
3140302351,3.1403E+12,2,672
3140302351,3.1403E+12,3,856
3140302351,3.1403E+12,4,426
3140302351,3.1403E+12,5,846
3140302351,3.1403E+12,6,102
3140302351,3.1403E+12,7,67
3140302351,3.1403E+12,8,39
3140302351,3.1403E+12,9,700
3140302351,3.1403E+12,10,350
3140302351,3.1403E+12,11,852
3140302351,3.1403E+12,12,519
3140402363,3.1404E+12,1,928
3140402363,3.1404E+12,2,460
3140402363,3.1404E+12,3,152
3140402363,3.1404E+12,4,897
3140402363,3.1404E+12,5,471
3140402363,3.1404E+12,6,754
3140402363,3.1404E+12,7,379
3140402363,3.1404E+12,8,46
3140402363,3.1404E+12,9,248
3140402363,3.1404E+12,10,404
3140402363,3.1404E+12,11,173
3140402363,3.1404E+12,12,679
3140402363,3.1404E+12,13,436
3140402363,3.1404E+12,14,878
3140402363,3.1404E+12,15,994
3140402363,3.1404E+12,16,135
3140402363,3.1404E+12,17,51
3140502380,3.1405E+12,1,555
3140502380,3.1405E+12,2,872
3140502380,3.1405E+12,3,971
3140502380,3.1405E+12,4,310
3140502380,3.1405E+12,5,128
3140502380,3.1405E+12,6,244
3140502380,3.1405E+12,7,312
3140502380,3.1405E+12,8,463
3140502380,3.1405E+12,9,234
3140502380,3.1405E+12,10,17
3140502380,3.1405E+12,11,339
3140502380,3.1405E+12,12,606
3140502380,3.1405E+12,13,98
3140502380,3.1405E+12,14,559
3140502380,3.1405E+12,15,20
3140502380,3.1405E+12,16,404
3140502396,3.1405E+12,1,776
3140502396,3.1405E+12,2,706
3140502396,3.1405E+12,3,938
3140502396,3.1405E+12,4,21
3140502396,3.1405E+12,5,855
3140502396,3.1405E+12,6,664
3140502396,3.1405E+12,7,346
3140502396,3.1405E+12,8,86
3150102404,3.1501E+12,1,698
3160102405,3.1601E+12,1,339
3160102405,3.1601E+12,2,720
3160102405,3.1601E+12,3,372
3160102405,3.1601E+12,4,383
3160102405,3.1601E+12,5,248
3160102405,3.1601E+12,6,310
3160102405,3.1601E+12,7,455
3160102405,3.1601E+12,8,22
3160102405,3.1601E+12,9,404
3160102405,3.1601E+12,10,485
3160102405,3.1601E+12,11,890
3160102405,3.1601E+12,12,553
3160102417,3.1601E+12,1,634
3160102417,3.1601E+12,2,529
3160102417,3.1601E+12,3,501
3160102417,3.1601E+12,4,767
3160102417,3.1601E+12,5,382
3160102417,3.1601E+12,6,487
3160102417,3.1601E+12,7,577
3160102417,3.1601E+12,8,427
3160102417,3.1601E+12,9,820
3160102417,3.1601E+12,10,93
3160102417,3.1601E+12,11,13
3160102417,3.1601E+12,12,59
3160102417,3.1601E+12,13,299
3160102417,3.1601E+12,14,827
3160102417,3.1601E+12,15,738
3160102417,3.1601E+12,16,77
3160202433,3.1602E+12,1,736
3160202433,3.1602E+12,2,913
3160202433,3.1602E+12,3,447
3160202433,3.1602E+12,4,760
3160202433,3.1602E+12,5,313
3160202433,3.1602E+12,6,408
3160202433,3.1602E+12,7,548
3160202433,3.1602E+12,8,667
3160202433,3.1602E+12,9,627
3160202433,3.1602E+12,10,921
3160202443,3.1602E+12,1,284
3160202443,3.1602E+12,2,794
3160202443,3.1602E+12,3,216
3160202443,3.1602E+12,4,18
3160202443,3.1602E+12,5,86
3160202443,3.1602E+12,6,949
3160202443,3.1602E+12,7,31
3160202443,3.1602E+12,8,717
3160202443,3.1602E+12,9,323
3160202443,3.1602E+12,10,285
3160202443,3.1602E+12,11,850
4010102454,4.0101E+12,1,585
4010102454,4.0101E+12,2,145
4010102454,4.0101E+12,3,83
4010102454,4.0101E+12,4,549
4010102454,4.0101E+12,5,708
4010102454,4.0101E+12,6,945
4010102454,4.0101E+12,7,618
4010102454,4.0101E+12,8,726
4010102454,4.0101E+12,9,951
4010102454,4.0101E+12,10,556
4010102454,4.0101E+12,11,947
4010102454,4.0101E+12,12,318
4010102454,4.0101E+12,13,851
4010102454,4.0101E+12,14,539
4010102454,4.0101E+12,15,162
4010102454,4.0101E+12,16,39
4010102470,4.0101E+12,1,724
4010102470,4.0101E+12,2,734
4010102470,4.0101E+12,3,552
4010102470,4.0101E+12,4,108
4010102470,4.0101E+12,5,782
4010102470,4.0101E+12,6,564
4010102470,4.0101E+12,7,507
4010102470,4.0101E+12,8,548
4010102470,4.0101E+12,9,889
4010102470,4.0101E+12,10,907
4010102470,4.0101E+12,11,975
4010102470,4.0101E+12,12,846
4010102470,4.0101E+12,13,749
4010102470,4.0101E+12,14,732
4010102470,4.0101E+12,15,10
4010102470,4.0101E+12,16,810
4010102470,4.0101E+12,17,996
4010202487,4.0102E+12,1,369
4010202487,4.0102E+12,2,177
4010202487,4.0102E+12,3,604
4010202487,4.0102E+12,4,645
4010202487,4.0102E+12,5,306
4010202487,4.0102E+12,6,17
4010202487,4.0102E+12,7,348
4010202487,4.0102E+12,8,639
4010202487,4.0102E+12,9,346
4010202487,4.0102E+12,10,684
4010202487,4.0102E+12,11,188
4010202487,4.0102E+12,12,780
4010202487,4.0102E+12,13,32
4010202487,4.0102E+12,14,634
4010202487,4.0102E+12,15,295
4010202487,4.0102E+12,16,832
4010202487,4.0102E+12,17,562
4010302504,4.0103E+12,1,20
4010302504,4.0103E+12,2,890
4010302504,4.0103E+12,3,122
4010302504,4.0103E+12,4,26
4010302504,4.0103E+12,5,331
4010302504,4.0103E+12,6,125
4010302504,4.0103E+12,7,392
4010302504,4.0103E+12,8,57
4010302504,4.0103E+12,9,76
4010302504,4.0103E+12,10,277
4010302504,4.0103E+12,11,77
4010302504,4.0103E+12,12,337
4010302516,4.0103E+12,1,937
4010302516,4.0103E+12,2,106
4010302516,4.0103E+12,3,609
4010302516,4.0103E+12,4,803
4010302516,4.0103E+12,5,22
4010302516,4.0103E+12,6,929
4010302516,4.0103E+12,7,177
4010302516,4.0103E+12,8,580
4010302516,4.0103E+12,9,649
4020102525,4.0201E+12,1,51
4020102525,4.0201E+12,2,71
4020102525,4.0201E+12,3,823
4020102528,4.0201E+12,1,474
4020102528,4.0201E+12,2,589
4020102528,4.0201E+12,3,810
4020102528,4.0201E+12,4,165
4020102528,4.0201E+12,5,747
4020102528,4.0201E+12,6,404
4020102528,4.0201E+12,7,716
4020102528,4.0201E+12,8,102
4020102528,4.0201E+12,9,6
4020102528,4.0201E+12,10,247
4020102528,4.0201E+12,11,382
4020102528,4.0201E+12,12,878
4020102528,4.0201E+12,13,60
4020102528,4.0201E+12,14,648
4020102528,4.0201E+12,15,5
4020102528,4.0201E+12,16,564
4020102528,4.0201E+12,17,472
4020202545,4.0202E+12,1,75
4020202545,4.0202E+12,2,128
4020202545,4.0202E+12,3,45
4020202545,4.0202E+12,4,188
4020202545,4.0202E+12,5,921
4020202545,4.0202E+12,6,820
4030102551,4.0301E+12,1,604
4030102551,4.0301E+12,2,741
4030102551,4.0301E+12,3,582
4030102551,4.0301E+12,4,150
4030102551,4.0301E+12,5,560
4030102551,4.0301E+12,6,728
4030102551,4.0301E+12,7,556
4030102558,4.0301E+12,1,901
4030102558,4.0301E+12,2,910
4030102558,4.0301E+12,3,96
4030102558,4.0301E+12,4,808
4030102558,4.0301E+12,5,518
4030102558,4.0301E+12,6,628
4030102558,4.0301E+12,7,456
4030102558,4.0301E+12,8,861
4030102558,4.0301E+12,9,826
4030102558,4.0301E+12,10,640
4030102558,4.0301E+12,11,28
4030102558,4.0301E+12,12,733
4030102558,4.0301E+12,13,571
4030102558,4.0301E+12,14,383
4030102558,4.0301E+12,15,563
4030102558,4.0301E+12,16,163
4030102558,4.0301E+12,17,336
4030102558,4.0301E+12,18,107
4030102558,4.0301E+12,19,655
4030102577,4.0301E+12,1,414
4030102577,4.0301E+12,2,930
4030102577,4.0301E+12,3,813
4030102577,4.0301E+12,4,324
4030102577,4.0301E+12,5,180
4030102577,4.0301E+12,6,218
4030202583,4.0302E+12,1,365
4030202583,4.0302E+12,2,402
4030202583,4.0302E+12,3,235
4030202583,4.0302E+12,4,283
4030202583,4.0302E+12,5,962
4030202583,4.0302E+12,6,993
4030202583,4.0302E+12,7,661
4030202583,4.0302E+12,8,433
4030202583,4.0302E+12,9,358
4030202583,4.0302E+12,10,982
4030202583,4.0302E+12,11,492
4030202583,4.0302E+12,12,32
4030202583,4.0302E+12,13,636
4030202583,4.0302E+12,14,843
4030202583,4.0302E+12,15,28
4030202583,4.0302E+12,16,817
4030202583,4.0302E+12,17,250
4030202583,4.0302E+12,18,44
4040102601,4.0401E+12,1,533
4040102601,4.0401E+12,2,563
4040102601,4.0401E+12,3,601
4040102601,4.0401E+12,4,583
4040102601,4.0401E+12,5,82
4040102601,4.0401E+12,6,309
4040102601,4.0401E+12,7,279
4040102601,4.0401E+12,8,765
4040102601,4.0401E+12,9,973
4040102601,4.0401E+12,10,765
4040102601,4.0401E+12,11,624
4040102601,4.0401E+12,12,926
4040102601,4.0401E+12,13,234
4040102601,4.0401E+12,14,16
4040102601,4.0401E+12,15,396
4040102601,4.0401E+12,16,218
4040102601,4.0401E+12,17,226
4040102601,4.0401E+12,18,266
4040102619,4.0401E+12,1,825
4040102619,4.0401E+12,2,456
4040102619,4.0401E+12,3,182
4040102619,4.0401E+12,4,935
4040102619,4.0401E+12,5,360
4040102619,4.0401E+12,6,285
4040102619,4.0401E+12,7,326
4040102626,4.0401E+12,1,56
4040102626,4.0401E+12,2,243
4040102626,4.0401E+12,3,918
4040102626,4.0401E+12,4,317
4040102626,4.0401E+12,5,801
4040102626,4.0401E+12,6,636
4040102626,4.0401E+12,7,34
4040102626,4.0401E+12,8,281
4040102626,4.0401E+12,9,862
4040102626,4.0401E+12,10,582
4040102626,4.0401E+12,11,549
4040102626,4.0401E+12,12,879
4040102626,4.0401E+12,13,775
4040102626,4.0401E+12,14,348
4050102640,4.0501E+12,1,747
4050102640,4.0501E+12,2,230
4050102640,4.0501E+12,3,390
4050102643,4.0501E+12,1,11
4050102643,4.0501E+12,2,56
4050102643,4.0501E+12,3,255
4050302646,4.0503E+12,1,152
4050302646,4.0503E+12,2,29
4050302646,4.0503E+12,3,620
4050302646,4.0503E+12,4,97
4050302646,4.0503E+12,5,135
4050302646,4.0503E+12,6,471
4050302646,4.0503E+12,7,686
4050302646,4.0503E+12,8,258
4050302646,4.0503E+12,9,815
4050302646,4.0503E+12,10,38
4050302646,4.0503E+12,11,996
4050302646,4.0503E+12,12,934
4050302646,4.0503E+12,13,758
4050302646,4.0503E+12,14,747
4050302646,4.0503E+12,15,801
4050302646,4.0503E+12,16,866
4050302646,4.0503E+12,17,727
4050302646,4.0503E+12,18,733
4050302646,4.0503E+12,19,768
4050402665,4.0504E+12,1,569
4050402665,4.0504E+12,2,469
4050402665,4.0504E+12,3,368
4050402665,4.0504E+12,4,40
4050402665,4.0504E+12,5,744
4050402665,4.0504E+12,6,881
4050402665,4.0504E+12,7,179
4050402665,4.0504E+12,8,995
4050402665,4.0504E+12,9,330
4050402665,4.0504E+12,10,557
4050402665,4.0504E+12,11,832
4050402665,4.0504E+12,12,531
4050402665,4.0504E+12,13,523
4050402665,4.0504E+12,14,20
4050402665,4.0504E+12,15,810
4050402665,4.0504E+12,16,660
4050402665,4.0504E+12,17,119
4050402665,4.0504E+12,18,353
4050402665,4.0504E+12,19,977
4050402665,4.0504E+12,20,549
4050502685,4.0505E+12,1,245
4050502685,4.0505E+12,2,350
4060102687,4.0601E+12,1,401
4060102688,4.0601E+12,1,26
4060102688,4.0601E+12,2,48
4060102688,4.0601E+12,3,290
4060102688,4.0601E+12,4,752
4060102688,4.0601E+12,5,38
4060102688,4.0601E+12,6,725
4060102688,4.0601E+12,7,714
4060102688,4.0601E+12,8,201
4060102688,4.0601E+12,9,576
4060102688,4.0601E+12,10,328
4060102688,4.0601E+12,11,141
4060102688,4.0601E+12,12,579
4060102688,4.0601E+12,13,517
4060102688,4.0601E+12,14,659
4060102688,4.0601E+12,15,781
4060202703,4.0602E+12,1,759
4060202703,4.0602E+12,2,356
4060202703,4.0602E+12,3,433
4060202703,4.0602E+12,4,525
4060202703,4.0602E+12,5,255
4060202703,4.0602E+12,6,332
4060202703,4.0602E+12,7,686
4060202703,4.0602E+12,8,300
4060202703,4.0602E+12,9,545
4060202703,4.0602E+12,10,595
4060202703,4.0602E+12,11,709
4060202703,4.0602E+12,12,794
4060202703,4.0602E+12,13,353
4060202703,4.0602E+12,14,984
4060202703,4.0602E+12,15,515
4060202703,4.0602E+12,16,12
4060202703,4.0602E+12,17,587
4060202703,4.0602E+12,18,94
4060202703,4.0602E+12,19,663
4060202703,4.0602E+12,20,218
4060302723,4.0603E+12,1,447
4060302723,4.0603E+12,2,512
4060302723,4.0603E+12,3,797
4060302723,4.0603E+12,4,22
4070102727,4.0701E+12,1,422
4070102727,4.0701E+12,2,884
4070102727,4.0701E+12,3,126
4070102727,4.0701E+12,4,891
4070102727,4.0701E+12,5,442
4070102727,4.0701E+12,6,830
4070102727,4.0701E+12,7,573
4070102727,4.0701E+12,8,754
4070102727,4.0701E+12,9,531
4070102727,4.0701E+12,10,647
4070102727,4.0701E+12,11,848
4080102738,4.0801E+12,1,54
4080102738,4.0801E+12,2,722
4080102738,4.0801E+12,3,452
4080102738,4.0801E+12,4,988
4080102738,4.0801E+12,5,765
4080102738,4.0801E+12,6,256
4080102738,4.0801E+12,7,138
4080102738,4.0801E+12,8,971
4080102738,4.0801E+12,9,81
4080102738,4.0801E+12,10,498
4080102738,4.0801E+12,11,656
4080202749,4.0802E+12,1,847
4080202749,4.0802E+12,2,199
4080202749,4.0802E+12,3,987
4080202749,4.0802E+12,4,877
4080202749,4.0802E+12,5,676
4080202749,4.0802E+12,6,630
4080202749,4.0802E+12,7,298
4080202749,4.0802E+12,8,168
4080202749,4.0802E+12,9,911
4080202749,4.0802E+12,10,715
4080202749,4.0802E+12,11,861
4080202749,4.0802E+12,12,908
4080202749,4.0802E+12,13,416
4080202749,4.0802E+12,14,679
4080202749,4.0802E+12,15,317
4090102764,4.0901E+12,1,546
4090102764,4.0901E+12,2,677
4090102764,4.0901E+12,3,963
4090102764,4.0901E+12,4,334
4090102764,4.0901E+12,5,316
4090102764,4.0901E+12,6,769
4090102764,4.0901E+12,7,394
4090102764,4.0901E+12,8,436
4090102764,4.0901E+12,9,334
4090102764,4.0901E+12,10,364
4090102764,4.0901E+12,11,922
4090102764,4.0901E+12,12,8
4090102764,4.0901E+12,13,443
4090102764,4.0901E+12,14,514
4090102764,4.0901E+12,15,916
4090102764,4.0901E+12,16,511
4090202780,4.0902E+12,1,169
4090202780,4.0902E+12,2,765
4090202780,4.0902E+12,3,222
4090202780,4.0902E+12,4,653
4090202780,4.0902E+12,5,951
4090202780,4.0902E+12,6,506
4090202780,4.0902E+12,7,747
4090202780,4.0902E+12,8,895
4090202780,4.0902E+12,9,775
4090202780,4.0902E+12,10,789
4090202780,4.0902E+12,11,511
4090202780,4.0902E+12,12,32
4090202780,4.0902E+12,13,13
4090202793,4.0902E+12,1,898
4090202793,4.0902E+12,2,410
4090202793,4.0902E+12,3,109
4090202793,4.0902E+12,4,679
4090202793,4.0902E+12,5,164
4090202793,4.0902E+12,6,147
4090202793,4.0902E+12,7,833
4090202793,4.0902E+12,8,118
4090202793,4.0902E+12,9,913
4090202793,4.0902E+12,10,99
4090202793,4.0902E+12,11,659
4090202793,4.0902E+12,12,597
4090202793,4.0902E+12,13,846
4090202793,4.0902E+12,14,293
4090202793,4.0902E+12,15,864
4090202793,4.0902E+12,16,572
4090202793,4.0902E+12,17,463
4090202793,4.0902E+12,18,540
4090202793,4.0902E+12,19,75
4090302812,4.0903E+12,1,738
4090302812,4.0903E+12,2,702
4090302812,4.0903E+12,3,295
4090302812,4.0903E+12,4,750
4090302812,4.0903E+12,5,664
4090302812,4.0903E+12,6,26
4090302812,4.0903E+12,7,862
4090302812,4.0903E+12,8,878
4090302812,4.0903E+12,9,73
4090302812,4.0903E+12,10,161
4090302812,4.0903E+12,11,237
4090302812,4.0903E+12,12,246
4090302812,4.0903E+12,13,363
4090302812,4.0903E+12,14,301
4090302812,4.0903E+12,15,637
4090302812,4.0903E+12,16,397
4090302812,4.0903E+12,17,672
4090302812,4.0903E+12,18,986
4090302812,4.0903E+12,19,339
4090302812,4.0903E+12,20,995
4110102832,4.1101E+12,1,900
4110102832,4.1101E+12,2,290
4110102832,4.1101E+12,3,836
4110102832,4.1101E+12,4,673
4110102832,4.1101E+12,5,339
4110102832,4.1101E+12,6,96
4110102832,4.1101E+12,7,303
4110102832,4.1101E+12,8,692
4110102832,4.1101E+12,9,312
4110102832,4.1101E+12,10,556
4110102832,4.1101E+12,11,726
4110102832,4.1101E+12,12,89
4110102832,4.1101E+12,13,798
4110102832,4.1101E+12,14,115
4110102832,4.1101E+12,15,320
4110102832,4.1101E+12,16,537
4110102832,4.1101E+12,17,115
4110102832,4.1101E+12,18,313
4110102832,4.1101E+12,19,674
4110102832,4.1101E+12,20,367
4110102852,4.1101E+12,1,330
4110102852,4.1101E+12,2,29
4110102852,4.1101E+12,3,243
4110102852,4.1101E+12,4,96
4110102852,4.1101E+12,5,943
4110102852,4.1101E+12,6,643
4110102852,4.1101E+12,7,555
4110102852,4.1101E+12,8,572
4110102852,4.1101E+12,9,907
4110102852,4.1101E+12,10,477
4110102852,4.1101E+12,11,857
4110102852,4.1101E+12,12,784
4110102852,4.1101E+12,13,506
4110102852,4.1101E+12,14,194
4110102852,4.1101E+12,15,312
4120102867,4.1201E+12,1,894
4120102867,4.1201E+12,2,176
4120102867,4.1201E+12,3,290
4120102867,4.1201E+12,4,817
4120102867,4.1201E+12,5,562
4120102867,4.1201E+12,6,748
4120102867,4.1201E+12,7,618
4120102867,4.1201E+12,8,792
4120102867,4.1201E+12,9,224
4120102867,4.1201E+12,10,653
4120102867,4.1201E+12,11,37
4120102867,4.1201E+12,12,769
4120202879,4.1202E+12,1,668
4120202879,4.1202E+12,2,632
4120202879,4.1202E+12,3,613
4120202879,4.1202E+12,4,857
4120202879,4.1202E+12,5,605
4120202879,4.1202E+12,6,794
4130102885,4.1301E+12,1,863
4130102885,4.1301E+12,2,781
4130102885,4.1301E+12,3,831
4130102885,4.1301E+12,4,200
4130102885,4.1301E+12,5,413
4130102885,4.1301E+12,6,110
4130102885,4.1301E+12,7,175
4130102885,4.1301E+12,8,566
4130102885,4.1301E+12,9,182
4130102885,4.1301E+12,10,164
4130102885,4.1301E+12,11,580
4130102885,4.1301E+12,12,324
4130102885,4.1301E+12,13,87
4140102898,4.1401E+12,1,501
4140102898,4.1401E+12,2,796
4140102898,4.1401E+12,3,413
4140102898,4.1401E+12,4,905
4140102898,4.1401E+12,5,156
4140102898,4.1401E+12,6,67
4140102898,4.1401E+12,7,62
4140102898,4.1401E+12,8,635
4140102898,4.1401E+12,9,757
4140102898,4.1401E+12,10,77
4140102898,4.1401E+12,11,862
4140102909,4.1401E+12,1,70
4140102909,4.1401E+12,2,57
4140102909,4.1401E+12,3,30
4140102909,4.1401E+12,4,786
4140102909,4.1401E+12,5,235
4140102909,4.1401E+12,6,846
4140102909,4.1401E+12,7,339
4140102909,4.1401E+12,8,127
4140102909,4.1401E+12,9,422
4140102909,4.1401E+12,10,654
4140102909,4.1401E+12,11,253
4140102909,4.1401E+12,12,98
4140102909,4.1401E+12,13,318
4140102909,4.1401E+12,14,408
4140102909,4.1401E+12,15,732
4140102909,4.1401E+12,16,645
4140102909,4.1401E+12,17,989
4140102909,4.1401E+12,18,411
4140102909,4.1401E+12,19,183
4140102928,4.1401E+12,1,330
4140102928,4.1401E+12,2,966
4140102928,4.1401E+12,3,82
4140102928,4.1401E+12,4,646
4140102928,4.1401E+12,5,358
4140102928,4.1401E+12,6,366
4140102928,4.1401E+12,7,267
4140102928,4.1401E+12,8,297
4140102928,4.1401E+12,9,828
4140102928,4.1401E+12,10,445
4140102928,4.1401E+12,11,274
4140102928,4.1401E+12,12,574
4140102928,4.1401E+12,13,7
4140102928,4.1401E+12,14,209
4140102928,4.1401E+12,15,605
4140102928,4.1401E+12,16,418
4140102928,4.1401E+12,17,860
4150102945,4.1501E+12,1,128
4150102945,4.1501E+12,2,53
4150102945,4.1501E+12,3,481
4150102945,4.1501E+12,4,515
4150102945,4.1501E+12,5,541
4150102945,4.1501E+12,6,546
4150102945,4.1501E+12,7,966
4150102945,4.1501E+12,8,562
4150102945,4.1501E+12,9,892
4150102945,4.1501E+12,10,317
4150102945,4.1501E+12,11,460
4150102956,4.1501E+12,1,533
4150102956,4.1501E+12,2,129
4150102956,4.1501E+12,3,24
4150102956,4.1501E+12,4,623
4150102956,4.1501E+12,5,6
4150102956,4.1501E+12,6,542
4150102956,4.1501E+12,7,428
4150102956,4.1501E+12,8,961
4150102956,4.1501E+12,9,765
4150102956,4.1501E+12,10,723
4150102956,4.1501E+12,11,135
4150102956,4.1501E+12,12,62
4150102956,4.1501E+12,13,539
4150102956,4.1501E+12,14,522
4150102956,4.1501E+12,15,758
4150102956,4.1501E+12,16,789
4150202972,4.1502E+12,1,716
4150202972,4.1502E+12,2,878
4150202972,4.1502E+12,3,600
4150202972,4.1502E+12,4,529
4150202972,4.1502E+12,5,334
4150202972,4.1502E+12,6,319
4150202972,4.1502E+12,7,333
4150202972,4.1502E+12,8,611
4150202972,4.1502E+12,9,134
4150202972,4.1502E+12,10,376
4150302982,4.1503E+12,1,995
4150302982,4.1503E+12,2,427
4150302982,4.1503E+12,3,396
4150302985,4.1503E+12,1,878
4150302985,4.1503E+12,2,456
4150302985,4.1503E+12,3,394
4150302985,4.1503E+12,4,359
4150302985,4.1503E+12,5,186
4150302985,4.1503E+12,6,404
4150302985,4.1503E+12,7,534
4150302985,4.1503E+12,8,94
5010102993,5.0101E+12,1,261
5010102993,5.0101E+12,2,573
5010102993,5.0101E+12,3,110
5010102993,5.0101E+12,4,201
5010102993,5.0101E+12,5,854
5010102993,5.0101E+12,6,108
5010102993,5.0101E+12,7,195
5010102993,5.0101E+12,8,808
5010102993,5.0101E+12,9,339
5010102993,5.0101E+12,10,381
5010102993,5.0101E+12,11,64
5010103004,5.0101E+12,1,746
5010103004,5.0101E+12,2,844
5010103004,5.0101E+12,3,998
5010103004,5.0101E+12,4,672
5010103008,5.0101E+12,1,699
5010103008,5.0101E+12,2,268
5010203010,5.0102E+12,1,734
5010203010,5.0102E+12,2,168
5010203010,5.0102E+12,3,20
5010203010,5.0102E+12,4,23
5010203010,5.0102E+12,5,135
5010203010,5.0102E+12,6,355
5010203010,5.0102E+12,7,124
5010203010,5.0102E+12,8,196
5010203010,5.0102E+12,9,813
5010203010,5.0102E+12,10,443
5010203010,5.0102E+12,11,312
5010203010,5.0102E+12,12,830
5010203010,5.0102E+12,13,384
5010203010,5.0102E+12,14,223
5010203010,5.0102E+12,15,5
5010203010,5.0102E+12,16,588
5010203010,5.0102E+12,17,30
5010203010,5.0102E+12,18,332
5010203010,5.0102E+12,19,249
5010203029,5.0102E+12,1,674
5010203029,5.0102E+12,2,868
5010203029,5.0102E+12,3,958
5010203029,5.0102E+12,4,806
5010203029,5.0102E+12,5,952
5010203029,5.0102E+12,6,681
5010203029,5.0102E+12,7,55
5010203029,5.0102E+12,8,105
5010203029,5.0102E+12,9,809
5010203029,5.0102E+12,10,174
5010203029,5.0102E+12,11,732
5010203029,5.0102E+12,12,45
5010203029,5.0102E+12,13,930
5010303042,5.0103E+12,1,418
5010303042,5.0103E+12,2,835
5010303042,5.0103E+12,3,237
5010303042,5.0103E+12,4,214
5010303042,5.0103E+12,5,648
5010303042,5.0103E+12,6,186
5010303042,5.0103E+12,7,423
5010303042,5.0103E+12,8,952
5010303042,5.0103E+12,9,29
5010403051,5.0104E+12,1,401
5010403051,5.0104E+12,2,835
5010403051,5.0104E+12,3,146
5020103054,5.0201E+12,1,738
5020103054,5.0201E+12,2,518
5020103054,5.0201E+12,3,743
5020103054,5.0201E+12,4,679
5020103054,5.0201E+12,5,198
5020103054,5.0201E+12,6,446
5020103054,5.0201E+12,7,755
5020103054,5.0201E+12,8,395
5020103054,5.0201E+12,9,123
5020103054,5.0201E+12,10,989
5020103064,5.0201E+12,1,413
5020103064,5.0201E+12,2,70
5020103064,5.0201E+12,3,890
5020103064,5.0201E+12,4,819
5020103064,5.0201E+12,5,500
5020103064,5.0201E+12,6,171
5020103064,5.0201E+12,7,299
5020103064,5.0201E+12,8,424
5020103064,5.0201E+12,9,291
5020103064,5.0201E+12,10,395
5020103064,5.0201E+12,11,66
5020103064,5.0201E+12,12,783
5020103064,5.0201E+12,13,379
5020103064,5.0201E+12,14,258
5020103064,5.0201E+12,15,752
5020103064,5.0201E+12,16,166
5020203080,5.0202E+12,1,331
5020203080,5.0202E+12,2,853
5020203080,5.0202E+12,3,130
5020203080,5.0202E+12,4,227
5020203080,5.0202E+12,5,952
5020203080,5.0202E+12,6,609
5020203080,5.0202E+12,7,60
5020203087,5.0202E+12,1,963
5020203087,5.0202E+12,2,667
5020203087,5.0202E+12,3,609
5020203087,5.0202E+12,4,275
5020203087,5.0202E+12,5,550
5020203087,5.0202E+12,6,798
5020203087,5.0202E+12,7,912
5020203087,5.0202E+12,8,978
5020203087,5.0202E+12,9,77
5020203087,5.0202E+12,10,373
5020203097,5.0202E+12,1,579
5020203097,5.0202E+12,2,456
5020203097,5.0202E+12,3,877
5020203097,5.0202E+12,4,716
5020203097,5.0202E+12,5,417
5020203097,5.0202E+12,6,131
5020203097,5.0202E+12,7,456
5020303104,5.0203E+12,1,807
5020303104,5.0203E+12,2,592
5020303104,5.0203E+12,3,359
5020303104,5.0203E+12,4,871
5020303104,5.0203E+12,5,661
5020403109,5.0204E+12,1,889
5020403109,5.0204E+12,2,848
5020403111,5.0204E+12,1,790
5020403111,5.0204E+12,2,420
5020403111,5.0204E+12,3,293
5020403111,5.0204E+12,4,179
5020403111,5.0204E+12,5,744
5020403111,5.0204E+12,6,244
5020403111,5.0204E+12,7,548
5020403111,5.0204E+12,8,940
5020403111,5.0204E+12,9,831
5020403111,5.0204E+12,10,263
5020403111,5.0204E+12,11,528
5020403111,5.0204E+12,12,925
5020403111,5.0204E+12,13,479
5020403111,5.0204E+12,14,723
5020403111,5.0204E+12,15,135
5020403111,5.0204E+12,16,250
5020403127,5.0204E+12,1,434
5020403127,5.0204E+12,2,399
5020403127,5.0204E+12,3,287
5020403127,5.0204E+12,4,349
5020403127,5.0204E+12,5,498
5020403127,5.0204E+12,6,419
5020403127,5.0204E+12,7,385
5020403127,5.0204E+12,8,124
5020403127,5.0204E+12,9,550
5020403127,5.0204E+12,10,278
5020403127,5.0204E+12,11,467
5030103138,5.0301E+12,1,767
5030103138,5.0301E+12,2,965
5030103140,5.0301E+12,1,586
5030103140,5.0301E+12,2,440
5030103140,5.0301E+12,3,771
5030103140,5.0301E+12,4,549
5030103140,5.0301E+12,5,598
5030103140,5.0301E+12,6,871
5030103140,5.0301E+12,7,750
5030103140,5.0301E+12,8,355
5030103140,5.0301E+12,9,334
5030103140,5.0301E+12,10,384
5030103140,5.0301E+12,11,633
5030103140,5.0301E+12,12,684
5030103140,5.0301E+12,13,127
5030103140,5.0301E+12,14,368
5030103140,5.0301E+12,15,568
5030103140,5.0301E+12,16,759
5030103140,5.0301E+12,17,282
5030103140,5.0301E+12,18,542
5030103140,5.0301E+12,19,873
5030103159,5.0301E+12,1,202
5030103159,5.0301E+12,2,440
5030103159,5.0301E+12,3,818
5030103159,5.0301E+12,4,432
5030103159,5.0301E+12,5,19
5030103159,5.0301E+12,6,556
5030103159,5.0301E+12,7,925
5030103159,5.0301E+12,8,140
5030103159,5.0301E+12,9,689
5030103159,5.0301E+12,10,507
5030103159,5.0301E+12,11,777
5030303170,5.0303E+12,1,97
5030303170,5.0303E+12,2,487
5030303170,5.0303E+12,3,126
5030303170,5.0303E+12,4,524
5030303170,5.0303E+12,5,553
5030303170,5.0303E+12,6,33
5030303170,5.0303E+12,7,511
5030303170,5.0303E+12,8,681
5030303170,5.0303E+12,9,316
5030303170,5.0303E+12,10,329
5030303170,5.0303E+12,11,350
5030303170,5.0303E+12,12,278
5030303170,5.0303E+12,13,747
5030303170,5.0303E+12,14,128
5030303170,5.0303E+12,15,144
5030303170,5.0303E+12,16,523
5040103186,5.0401E+12,1,302
5040103186,5.0401E+12,2,747
5040103186,5.0401E+12,3,178
5040103186,5.0401E+12,4,752
5040103186,5.0401E+12,5,71
5040103186,5.0401E+12,6,594
5040103192,5.0401E+12,1,424
5040103193,5.0401E+12,1,147
5040103194,5.0401E+12,1,446
5040103194,5.0401E+12,2,218
5040103194,5.0401E+12,3,765
5040103194,5.0401E+12,4,848
5040103194,5.0401E+12,5,722
5040103194,5.0401E+12,6,750
5040103194,5.0401E+12,7,292
5040103194,5.0401E+12,8,590
5040103194,5.0401E+12,9,681
5040203203,5.0402E+12,1,672
5040203203,5.0402E+12,2,205
5040203203,5.0402E+12,3,127
5040203203,5.0402E+12,4,368
5040203203,5.0402E+12,5,497
5040303208,5.0403E+12,1,364
5040303208,5.0403E+12,2,850
5040303208,5.0403E+12,3,71
5040303208,5.0403E+12,4,778
5040303208,5.0403E+12,5,774
5040303208,5.0403E+12,6,597
5040303208,5.0403E+12,7,413
5040303208,5.0403E+12,8,691
5040303208,5.0403E+12,9,644
5040303208,5.0403E+12,10,807
5040303208,5.0403E+12,11,925
5040303208,5.0403E+12,12,846
5040303208,5.0403E+12,13,73
5040303221,5.0403E+12,1,405
5040303221,5.0403E+12,2,732
5040303221,5.0403E+12,3,598
5040303221,5.0403E+12,4,724
5040303221,5.0403E+12,5,789
5040303221,5.0403E+12,6,690
5040303221,5.0403E+12,7,955
5040303221,5.0403E+12,8,350
5040303221,5.0403E+12,9,911
5040303221,5.0403E+12,10,117
5040303221,5.0403E+12,11,137
5040403232,5.0404E+12,1,336
5040403232,5.0404E+12,2,574
5040403232,5.0404E+12,3,349
5040403232,5.0404E+12,4,907
5040403232,5.0404E+12,5,409
5040403232,5.0404E+12,6,566
5040403232,5.0404E+12,7,245
5040403232,5.0404E+12,8,166
5040403232,5.0404E+12,9,774
5040403232,5.0404E+12,10,626
5040403232,5.0404E+12,11,16
5040403232,5.0404E+12,12,912
5040403232,5.0404E+12,13,143
5040403232,5.0404E+12,14,555
5040403232,5.0404E+12,15,791
5040403247,5.0404E+12,1,940
5040403247,5.0404E+12,2,251
5040403247,5.0404E+12,3,513
5040403247,5.0404E+12,4,218
5040403247,5.0404E+12,5,323
5040403247,5.0404E+12,6,486
5040403247,5.0404E+12,7,473
5040403247,5.0404E+12,8,152
5040403247,5.0404E+12,9,626
5040403247,5.0404E+12,10,662
5040403247,5.0404E+12,11,275
5040403247,5.0404E+12,12,153
5040403247,5.0404E+12,13,578
5040503260,5.0405E+12,1,817
5040503260,5.0405E+12,2,778
5040503260,5.0405E+12,3,476
5040503263,5.0405E+12,1,774
5040503263,5.0405E+12,2,595
5040503263,5.0405E+12,3,449
5040503263,5.0405E+12,4,123
5040503263,5.0405E+12,5,661
5040503263,5.0405E+12,6,155
5040503263,5.0405E+12,7,768
5040503263,5.0405E+12,8,96
5040503263,5.0405E+12,9,391
5040503263,5.0405E+12,10,390
5040503263,5.0405E+12,11,743
5040503263,5.0405E+12,12,382
5040503263,5.0405E+12,13,332
5040503263,5.0405E+12,14,264
5040503263,5.0405E+12,15,608
5040503263,5.0405E+12,16,286
5040503263,5.0405E+12,17,418
5040503263,5.0405E+12,18,77
5040503263,5.0405E+12,19,47
5040503263,5.0405E+12,20,541
5040503283,5.0405E+12,1,529
5040503283,5.0405E+12,2,485
5040503283,5.0405E+12,3,889
5040503283,5.0405E+12,4,877
5040503283,5.0405E+12,5,649
5040503283,5.0405E+12,6,273
5040503283,5.0405E+12,7,30
5040503283,5.0405E+12,8,159
5040503283,5.0405E+12,9,334
5040503283,5.0405E+12,10,562
5040503283,5.0405E+12,11,617
5040503283,5.0405E+12,12,922
5040503283,5.0405E+12,13,220
5040503283,5.0405E+12,14,784
5050203297,5.0502E+12,1,649
5050203297,5.0502E+12,2,502
5050203297,5.0502E+12,3,214
5050203297,5.0502E+12,4,620
5050203297,5.0502E+12,5,921
5050203297,5.0502E+12,6,620
5050203297,5.0502E+12,7,948
5050203297,5.0502E+12,8,225
5050203297,5.0502E+12,9,423
5050203297,5.0502E+12,10,826
5050203297,5.0502E+12,11,414
5050203297,5.0502E+12,12,386
5050203297,5.0502E+12,13,823
5050203297,5.0502E+12,14,870
5050203297,5.0502E+12,15,72
5050203297,5.0502E+12,16,714
5050203297,5.0502E+12,17,946
5050203314,5.0502E+12,1,395
5050203314,5.0502E+12,2,634
5050203314,5.0502E+12,3,90
5050203314,5.0502E+12,4,390
5050203314,5.0502E+12,5,498
5050203314,5.0502E+12,6,426
5050203314,5.0502E+12,7,963
5050203314,5.0502E+12,8,945
5050203314,5.0502E+12,9,988
5050203314,5.0502E+12,10,375
5050203314,5.0502E+12,11,17
5050203314,5.0502E+12,12,299
5050203314,5.0502E+12,13,355
5050203314,5.0502E+12,14,534
5050203314,5.0502E+12,15,347
5070203329,5.0702E+12,1,613
5070203329,5.0702E+12,2,316
5070203329,5.0702E+12,3,969
5070203329,5.0702E+12,4,612
5070203329,5.0702E+12,5,865
5070203329,5.0702E+12,6,156
5070203329,5.0702E+12,7,436
5070203329,5.0702E+12,8,870
5070203329,5.0702E+12,9,232
5070203329,5.0702E+12,10,400
5070203329,5.0702E+12,11,513
5070203329,5.0702E+12,12,913
5070203329,5.0702E+12,13,554
5070203329,5.0702E+12,14,491
5070203329,5.0702E+12,15,718
5070203329,5.0702E+12,16,575
5070203345,5.0702E+12,1,299
5070203345,5.0702E+12,2,701
5070203345,5.0702E+12,3,211
5080103348,5.0801E+12,1,602
5080103348,5.0801E+12,2,51
5080103348,5.0801E+12,3,737
5080103348,5.0801E+12,4,386
5080103348,5.0801E+12,5,215
5080103348,5.0801E+12,6,854
5080103348,5.0801E+12,7,654
5080103348,5.0801E+12,8,954
5080103348,5.0801E+12,9,986
5080103348,5.0801E+12,10,524
5080103348,5.0801E+12,11,179
5080103348,5.0801E+12,12,836
5080103348,5.0801E+12,13,727
5080103348,5.0801E+12,14,780
5080103348,5.0801E+12,15,106
5080103348,5.0801E+12,16,175
5080103348,5.0801E+12,17,564
5080103348,5.0801E+12,18,522
5080203366,5.0802E+12,1,20
5080203366,5.0802E+12,2,785
5080203366,5.0802E+12,3,952
5080203366,5.0802E+12,4,203
5080203366,5.0802E+12,5,956
5080203366,5.0802E+12,6,92
5080203366,5.0802E+12,7,936
5080203366,5.0802E+12,8,735
5080203366,5.0802E+12,9,712
5080203366,5.0802E+12,10,54
5080203366,5.0802E+12,11,407
5080203366,5.0802E+12,12,678
5080203366,5.0802E+12,13,35
5080203366,5.0802E+12,14,210
5080203366,5.0802E+12,15,393
5080203366,5.0802E+12,16,370
5080203366,5.0802E+12,17,12
5090103383,5.0901E+12,1,87
5090103383,5.0901E+12,2,864
5090103383,5.0901E+12,3,695
5090103383,5.0901E+12,4,328
5090103383,5.0901E+12,5,243
5090103383,5.0901E+12,6,768
5090103383,5.0901E+12,7,290
5090103383,5.0901E+12,8,604
5090103391,5.0901E+12,1,535
5090103391,5.0901E+12,2,914
5090103391,5.0901E+12,3,412
5090203394,5.0902E+12,1,174
5090203394,5.0902E+12,2,581
5090203394,5.0902E+12,3,426
5090203394,5.0902E+12,4,897
5090203394,5.0902E+12,5,227
5090203394,5.0902E+12,6,54
5090203394,5.0902E+12,7,139
5090203394,5.0902E+12,8,777
5090203394,5.0902E+12,9,341
5090203394,5.0902E+12,10,397
5090203394,5.0902E+12,11,397
5090203394,5.0902E+12,12,965
5090203394,5.0902E+12,13,167
5090203394,5.0902E+12,14,765
5090203394,5.0902E+12,15,230
5090203394,5.0902E+12,16,392
5090203410,5.0902E+12,1,128
5090203410,5.0902E+12,2,506
5090203410,5.0902E+12,3,891
5090203410,5.0902E+12,4,545
5090203410,5.0902E+12,5,623
5090203410,5.0902E+12,6,746
5090203410,5.0902E+12,7,126
5090203410,5.0902E+12,8,919
5090203410,5.0902E+12,9,967
5090203410,5.0902E+12,10,207
5090203410,5.0902E+12,11,690
5090203410,5.0902E+12,12,291
5090203410,5.0902E+12,13,953
5090203410,5.0902E+12,14,393
5090203410,5.0902E+12,15,864
5100103425,5.1001E+12,1,447
5100103425,5.1001E+12,2,228
5100103425,5.1001E+12,3,962
5100103425,5.1001E+12,4,195
5100103425,5.1001E+12,5,247
5100103425,5.1001E+12,6,456
5100103425,5.1001E+12,7,385
5100103425,5.1001E+12,8,101
5100103425,5.1001E+12,9,217
5100103425,5.1001E+12,10,134
5100103425,5.1001E+12,11,712
5100103425,5.1001E+12,12,287
5100103425,5.1001E+12,13,19
5110103438,5.1101E+12,1,819
5110103438,5.1101E+12,2,349
5110103438,5.1101E+12,3,690
5110103438,5.1101E+12,4,18
5110103438,5.1101E+12,5,31
5110103438,5.1101E+12,6,308
5110103438,5.1101E+12,7,408
5110103438,5.1101E+12,8,90
5110103438,5.1101E+12,9,489
5110103438,5.1101E+12,10,959
5110103438,5.1101E+12,11,187
5110103438,5.1101E+12,12,107
5110103438,5.1101E+12,13,161
5110103438,5.1101E+12,14,411
5110103438,5.1101E+12,15,832
5110103438,5.1101E+12,16,883
5110103438,5.1101E+12,17,112
5110103438,5.1101E+12,18,178
5110103438,5.1101E+12,19,342
5110103438,5.1101E+12,20,648
5110203458,5.1102E+12,1,694
5110203458,5.1102E+12,2,185
5110203458,5.1102E+12,3,191
5110203458,5.1102E+12,4,940
5110203458,5.1102E+12,5,239
5110203458,5.1102E+12,6,619
5110203458,5.1102E+12,7,700
5110203458,5.1102E+12,8,463
5110203458,5.1102E+12,9,321
5110203458,5.1102E+12,10,90
5110203458,5.1102E+12,11,211
5110203458,5.1102E+12,12,76
5110203458,5.1102E+12,13,366
5110203471,5.1102E+12,1,65
5110203471,5.1102E+12,2,648
5110203471,5.1102E+12,3,499
5110203471,5.1102E+12,4,180
5110203471,5.1102E+12,5,720
5110303476,5.1103E+12,1,639
5110303476,5.1103E+12,2,748
5110303476,5.1103E+12,3,8
5110303476,5.1103E+12,4,674
5110303476,5.1103E+12,5,893
5110303476,5.1103E+12,6,374
5110303476,5.1103E+12,7,288
5110303476,5.1103E+12,8,770
5110303476,5.1103E+12,9,718
5110303476,5.1103E+12,10,109
5110303476,5.1103E+12,11,349
5110303476,5.1103E+12,12,428
5110303476,5.1103E+12,13,237
5110303476,5.1103E+12,14,398
5110303476,5.1103E+12,15,78
5110303476,5.1103E+12,16,216
5110303476,5.1103E+12,17,614
5110303476,5.1103E+12,18,542
5110303494,5.1103E+12,1,868
5110303494,5.1103E+12,2,822
5110303494,5.1103E+12,3,683
5110303494,5.1103E+12,4,351
5110303494,5.1103E+12,5,616
5110303494,5.1103E+12,6,56
5110303494,5.1103E+12,7,95
5110303494,5.1103E+12,8,55
5110303494,5.1103E+12,9,324
5110303494,5.1103E+12,10,824
5110303494,5.1103E+12,11,38
5110303494,5.1103E+12,12,966
5110303494,5.1103E+12,13,108
5110303494,5.1103E+12,14,635
5120103508,5.1201E+12,1,499
5120103508,5.1201E+12,2,317
5120103508,5.1201E+12,3,581
5120103508,5.1201E+12,4,943
5120103508,5.1201E+12,5,664
5120103508,5.1201E+12,6,434
5120103508,5.1201E+12,7,659
5120103508,5.1201E+12,8,534
5120103508,5.1201E+12,9,304
5120103508,5.1201E+12,10,545
5120103508,5.1201E+12,11,798
5120103508,5.1201E+12,12,891
5120103508,5.1201E+12,13,655
5120103508,5.1201E+12,14,606
5120203522,5.1202E+12,1,300
5120203522,5.1202E+12,2,799
5120203522,5.1202E+12,3,563
5120203522,5.1202E+12,4,653
5120203522,5.1202E+12,5,652
5120203522,5.1202E+12,6,125
5120203522,5.1202E+12,7,598
5120203522,5.1202E+12,8,454
5120203522,5.1202E+12,9,338
5120203522,5.1202E+12,10,993
5120203522,5.1202E+12,11,362
5120203522,5.1202E+12,12,813
5120203522,5.1202E+12,13,675
5120203522,5.1202E+12,14,949
5120203536,5.1202E+12,1,853
5120303537,5.1203E+12,1,678
5120303537,5.1203E+12,2,867
5120303537,5.1203E+12,3,2
5120303537,5.1203E+12,4,591
5120303537,5.1203E+12,5,630
5120303542,5.1203E+12,1,306
5120303542,5.1203E+12,2,903
5120303542,5.1203E+12,3,755
5120303542,5.1203E+12,4,778
5120303542,5.1203E+12,5,836
5120303542,5.1203E+12,6,396
5120303542,5.1203E+12,7,529
5120303542,5.1203E+12,8,769
5120303542,5.1203E+12,9,897
5120303542,5.1203E+12,10,891
5120303542,5.1203E+12,11,837
5120303542,5.1203E+12,12,916
5120303542,5.1203E+12,13,75
5120303542,5.1203E+12,14,261
5120303542,5.1203E+12,15,93
5130103557,5.1301E+12,1,267
5130103557,5.1301E+12,2,421
5130103557,5.1301E+12,3,777
5130103557,5.1301E+12,4,681
5130103557,5.1301E+12,5,472
5130103557,5.1301E+12,6,97
5130103557,5.1301E+12,7,517
5130103557,5.1301E+12,8,706
5130103557,5.1301E+12,9,787
5130103557,5.1301E+12,10,247
5130103557,5.1301E+12,11,655
5130103557,5.1301E+12,12,966
5130103557,5.1301E+12,13,820
5130103570,5.1301E+12,1,809
5130103570,5.1301E+12,2,142
5130103570,5.1301E+12,3,115
5130203573,5.1302E+12,1,455
5130203573,5.1302E+12,2,936
5130203573,5.1302E+12,3,554
5130203573,5.1302E+12,4,32
5130203573,5.1302E+12,5,300
5130203573,5.1302E+12,6,217
5130203573,5.1302E+12,7,23
5130203573,5.1302E+12,8,159
5130203573,5.1302E+12,9,721
5130203573,5.1302E+12,10,903
5130203583,5.1302E+12,1,207
5130203583,5.1302E+12,2,784
5130203583,5.1302E+12,3,690
5130203583,5.1302E+12,4,251
5130203583,5.1302E+12,5,48
5130203583,5.1302E+12,6,748
5130203583,5.1302E+12,7,651
5130203583,5.1302E+12,8,543
5130203583,5.1302E+12,9,103
5130203583,5.1302E+12,10,362
5130203583,5.1302E+12,11,86
5130203583,5.1302E+12,12,2
5130203583,5.1302E+12,13,65
5130203583,5.1302E+12,14,847
5140103597,5.1401E+12,1,13
5140103597,5.1401E+12,2,679
5140103597,5.1401E+12,3,591
5140103597,5.1401E+12,4,854
5140103597,5.1401E+12,5,733
5150103602,5.1501E+12,1,765
5150103603,5.1501E+12,1,392
5150103603,5.1501E+12,2,530
5150103603,5.1501E+12,3,516
5150103603,5.1501E+12,4,458
5160103607,5.1601E+12,1,403
5160103607,5.1601E+12,2,995
5160103607,5.1601E+12,3,85
5160103607,5.1601E+12,4,573
5160103607,5.1601E+12,5,778
5160103612,5.1601E+12,1,269
5160103612,5.1601E+12,2,678
5160103612,5.1601E+12,3,737
5160103612,5.1601E+12,4,408
5160103612,5.1601E+12,5,874
5160103612,5.1601E+12,6,939
5160103618,5.1601E+12,1,116
5160103618,5.1601E+12,2,614
5160103618,5.1601E+12,3,863
5160103618,5.1601E+12,4,484
5160103618,5.1601E+12,5,695
5160103618,5.1601E+12,6,639
5160103618,5.1601E+12,7,165
5160103618,5.1601E+12,8,38
5160103618,5.1601E+12,9,787
5160103618,5.1601E+12,10,454
5160103618,5.1601E+12,11,975
5160103618,5.1601E+12,12,35
5160103618,5.1601E+12,13,554
5160103618,5.1601E+12,14,916
5160103618,5.1601E+12,15,441
5160103618,5.1601E+12,16,62
5160103618,5.1601E+12,17,450
5160103618,5.1601E+12,18,285
5160103618,5.1601E+12,19,733
5160103618,5.1601E+12,20,791
6020103638,6.0201E+12,1,134
6020103638,6.0201E+12,2,754
6020103638,6.0201E+12,3,859
6020103638,6.0201E+12,4,303
6020103638,6.0201E+12,5,969
6020103638,6.0201E+12,6,507
6020103638,6.0201E+12,7,1
6020103638,6.0201E+12,8,63
6020103638,6.0201E+12,9,24
6020103638,6.0201E+12,10,670
6020103648,6.0201E+12,1,107
6020103648,6.0201E+12,2,936
6020103648,6.0201E+12,3,121
6020103648,6.0201E+12,4,198
6020103648,6.0201E+12,5,226
6020103648,6.0201E+12,6,825
6030103654,6.0301E+12,1,657
6030103654,6.0301E+12,2,38
6030103654,6.0301E+12,3,760
6030103654,6.0301E+12,4,911
6030103654,6.0301E+12,5,275
6030103654,6.0301E+12,6,334
6030103654,6.0301E+12,7,260
6030103654,6.0301E+12,8,723
6030103654,6.0301E+12,9,912
6030103654,6.0301E+12,10,73
6030103654,6.0301E+12,11,323
6030103665,6.0301E+12,1,559
6030103665,6.0301E+12,2,380
6030103665,6.0301E+12,3,727
6030103665,6.0301E+12,4,129
6030103665,6.0301E+12,5,163
6030103665,6.0301E+12,6,589
6030103665,6.0301E+12,7,168
6030103665,6.0301E+12,8,367
6030103665,6.0301E+12,9,515
6030103665,6.0301E+12,10,667
6030103665,6.0301E+12,11,761
6030103665,6.0301E+12,12,232
6030103665,6.0301E+12,13,348
6030103665,6.0301E+12,14,537
6030103665,6.0301E+12,15,619
6030103665,6.0301E+12,16,10
6030103665,6.0301E+12,17,984
6030103665,6.0301E+12,18,30
6030103683,6.0301E+12,1,719
6030103683,6.0301E+12,2,809
6030103683,6.0301E+12,3,157
6030103683,6.0301E+12,4,795
6030103683,6.0301E+12,5,323
6030103683,6.0301E+12,6,424
6030103683,6.0301E+12,7,499
6030103683,6.0301E+12,8,877
6030103683,6.0301E+12,9,708
6030103683,6.0301E+12,10,787
6030103683,6.0301E+12,11,691
6030103683,6.0301E+12,12,841
6030103683,6.0301E+12,13,181
6030203696,6.0302E+12,1,823
6030203696,6.0302E+12,2,213
6030203696,6.0302E+12,3,342
6030203696,6.0302E+12,4,903
6030203696,6.0302E+12,5,810
6030203696,6.0302E+12,6,158
6030203696,6.0302E+12,7,652
6030203696,6.0302E+12,8,444
6030203696,6.0302E+12,9,466
6030203696,6.0302E+12,10,276
6030203696,6.0302E+12,11,824
6030203696,6.0302E+12,12,961
6030203696,6.0302E+12,13,177
6030203696,6.0302E+12,14,171
6030203696,6.0302E+12,15,427
6030203696,6.0302E+12,16,724
6030203696,6.0302E+12,17,49
6030203696,6.0302E+12,18,312
6030203696,6.0302E+12,19,165
6030203715,6.0302E+12,1,582
6030203715,6.0302E+12,2,798
6030203717,6.0302E+12,1,74
6030203717,6.0302E+12,2,67
6030203717,6.0302E+12,3,76
6030203717,6.0302E+12,4,129
6030203717,6.0302E+12,5,438
6030203717,6.0302E+12,6,811
6030203717,6.0302E+12,7,943
6030203717,6.0302E+12,8,84
6030203717,6.0302E+12,9,361
6030203717,6.0302E+12,10,176
6030203717,6.0302E+12,11,925
6030203717,6.0302E+12,12,378
6030203717,6.0302E+12,13,968
6030203717,6.0302E+12,14,374
6030203717,6.0302E+12,15,65
6030203717,6.0302E+12,16,582
6030203717,6.0302E+12,17,410
6030203717,6.0302E+12,18,382
6030203717,6.0302E+12,19,696
6030203717,6.0302E+12,20,861
6030303737,6.0303E+12,1,650
6030303737,6.0303E+12,2,388
6030303737,6.0303E+12,3,9
6030303737,6.0303E+12,4,992
6030303737,6.0303E+12,5,964
6030303737,6.0303E+12,6,736
6030303737,6.0303E+12,7,177
6030303737,6.0303E+12,8,269
6030303737,6.0303E+12,9,342
6030303737,6.0303E+12,10,355
6030303737,6.0303E+12,11,100
6030303737,6.0303E+12,12,457
6030303737,6.0303E+12,13,853
6030303737,6.0303E+12,14,154
6030303737,6.0303E+12,15,828
6030303737,6.0303E+12,16,421
6030303737,6.0303E+12,17,624
6030303737,6.0303E+12,18,145
6030303737,6.0303E+12,19,391
6030303756,6.0303E+12,1,807
6030303756,6.0303E+12,2,562
6030303756,6.0303E+12,3,19
6030303756,6.0303E+12,4,768
6030303756,6.0303E+12,5,359
6030303756,6.0303E+12,6,241
6030303756,6.0303E+12,7,846
6030303756,6.0303E+12,8,188
6030303756,6.0303E+12,9,469
6030303756,6.0303E+12,10,251
6030303756,6.0303E+12,11,834
6030303756,6.0303E+12,12,111
6030303756,6.0303E+12,13,594
6030303756,6.0303E+12,14,282
6030303756,6.0303E+12,15,753
6030303756,6.0303E+12,16,758
6030303756,6.0303E+12,17,604
6030303756,6.0303E+12,18,791
6030303756,6.0303E+12,19,488
6040203775,6.0402E+12,1,287
6050103776,6.0501E+12,1,879
6050103776,6.0501E+12,2,254
6050103776,6.0501E+12,3,501
6050103776,6.0501E+12,4,38
6050103776,6.0501E+12,5,437
6050103776,6.0501E+12,6,259
6050103776,6.0501E+12,7,727
6050103776,6.0501E+12,8,891
6050103776,6.0501E+12,9,437
6050203785,6.0502E+12,1,821
6050203785,6.0502E+12,2,265
6050203785,6.0502E+12,3,640
6050203785,6.0502E+12,4,281
6050203785,6.0502E+12,5,557
6050203785,6.0502E+12,6,581
6050203785,6.0502E+12,7,568
6050203785,6.0502E+12,8,56
6050203785,6.0502E+12,9,538
6050203785,6.0502E+12,10,556
6050203785,6.0502E+12,11,468
6050203785,6.0502E+12,12,30
6060103797,6.0601E+12,1,373
6060103797,6.0601E+12,2,231
6060103797,6.0601E+12,3,226
6060103797,6.0601E+12,4,314
6060103797,6.0601E+12,5,8
6060103797,6.0601E+12,6,726
6060103797,6.0601E+12,7,627
7010103804,7.0101E+12,1,663
7010103804,7.0101E+12,2,846
7010103804,7.0101E+12,3,554
7010103804,7.0101E+12,4,641
7010103804,7.0101E+12,5,404
7010103804,7.0101E+12,6,911
7010103804,7.0101E+12,7,665
7010103804,7.0101E+12,8,50
7010103804,7.0101E+12,9,120
7010103804,7.0101E+12,10,591
7010103804,7.0101E+12,11,933
7010103804,7.0101E+12,12,57
7010103804,7.0101E+12,13,698
7010103817,7.0101E+12,1,633
7010103817,7.0101E+12,2,582
7010103817,7.0101E+12,3,262
7010103817,7.0101E+12,4,268
7010103817,7.0101E+12,5,278
7010103817,7.0101E+12,6,41
7010103817,7.0101E+12,7,775
7010103817,7.0101E+12,8,651
7010103817,7.0101E+12,9,496
7010103817,7.0101E+12,10,763
7010103817,7.0101E+12,11,86
7010103817,7.0101E+12,12,780
7010103817,7.0101E+12,13,171
7010103817,7.0101E+12,14,628
7010103817,7.0101E+12,15,323
7010103817,7.0101E+12,16,199
7010103817,7.0101E+12,17,30
7010103817,7.0101E+12,18,943
7010103817,7.0101E+12,19,206
7010103817,7.0101E+12,20,523
7010203837,7.0102E+12,1,929
7010203837,7.0102E+12,2,86
7010203837,7.0102E+12,3,256
7010203837,7.0102E+12,4,259
7010203841,7.0102E+12,1,178
7010203841,7.0102E+12,2,930
7010203841,7.0102E+12,3,708
7010203841,7.0102E+12,4,432
7010203841,7.0102E+12,5,823
7010203841,7.0102E+12,6,36
7010303847,7.0103E+12,1,195
7010303847,7.0103E+12,2,719
7010303847,7.0103E+12,3,627
7010303847,7.0103E+12,4,198
7010303847,7.0103E+12,5,751
7010303847,7.0103E+12,6,53
7010303847,7.0103E+12,7,210
7010303847,7.0103E+12,8,673
7010303847,7.0103E+12,9,110
7010303847,7.0103E+12,10,220
7010303847,7.0103E+12,11,788
7010303847,7.0103E+12,12,815
7010303847,7.0103E+12,13,287
7010403860,7.0104E+12,1,672
7010403860,7.0104E+12,2,442
7010403860,7.0104E+12,3,485
7010403860,7.0104E+12,4,91
7010403860,7.0104E+12,5,951
7010403865,7.0104E+12,1,219
7010403865,7.0104E+12,2,725
7010403865,7.0104E+12,3,353
7010403865,7.0104E+12,4,41
7010403865,7.0104E+12,5,326
7010403865,7.0104E+12,6,213
7010403865,7.0104E+12,7,530
7010403865,7.0104E+12,8,247
7010403873,7.0104E+12,1,913
7010403873,7.0104E+12,2,933
7010403873,7.0104E+12,3,110
7010403873,7.0104E+12,4,739
7010403873,7.0104E+12,5,954
7010403873,7.0104E+12,6,241
7010403873,7.0104E+12,7,613
7020203880,7.0202E+12,1,839
7020203880,7.0202E+12,2,261
7020203880,7.0202E+12,3,837
7020203880,7.0202E+12,4,507
7020203880,7.0202E+12,5,248
7020203880,7.0202E+12,6,559
7020203880,7.0202E+12,7,893
7020203880,7.0202E+12,8,457
7020203880,7.0202E+12,9,852
7020203880,7.0202E+12,10,294
7020203880,7.0202E+12,11,469
7020203880,7.0202E+12,12,377
7020203880,7.0202E+12,13,522
7020203880,7.0202E+12,14,744
7020203880,7.0202E+12,15,991
7030203895,7.0302E+12,1,87
7030203895,7.0302E+12,2,498
7030203895,7.0302E+12,3,633
7030203895,7.0302E+12,4,64
7030203895,7.0302E+12,5,527
7030203895,7.0302E+12,6,500
7030203895,7.0302E+12,7,955
7030203895,7.0302E+12,8,696
7030203895,7.0302E+12,9,162
7030203895,7.0302E+12,10,654
7030203895,7.0302E+12,11,344
7030203895,7.0302E+12,12,426
7030203895,7.0302E+12,13,834
7030203895,7.0302E+12,14,203
7030203895,7.0302E+12,15,323
7030203895,7.0302E+12,16,581
7030203895,7.0302E+12,17,294
7030203895,7.0302E+12,18,800
7030203913,7.0302E+12,1,479
7030203913,7.0302E+12,2,1
7030203913,7.0302E+12,3,741
7030203913,7.0302E+12,4,409
7030203913,7.0302E+12,5,293
7030203913,7.0302E+12,6,873
7030203913,7.0302E+12,7,986
7030203913,7.0302E+12,8,910
7030203913,7.0302E+12,9,987
7030203913,7.0302E+12,10,573
7030203913,7.0302E+12,11,600
7030203913,7.0302E+12,12,317
7030203913,7.0302E+12,13,250
7030203926,7.0302E+12,1,646
7030203926,7.0302E+12,2,209
7030203926,7.0302E+12,3,302
7030203926,7.0302E+12,4,397
7030203926,7.0302E+12,5,616
7030203926,7.0302E+12,6,362
7030303932,7.0303E+12,1,167
7030303932,7.0303E+12,2,292
7030303932,7.0303E+12,3,279
7030303932,7.0303E+12,4,632
7030303932,7.0303E+12,5,954
7030303932,7.0303E+12,6,795
7030303932,7.0303E+12,7,182
7030303932,7.0303E+12,8,844
7030303932,7.0303E+12,9,968
7030303932,7.0303E+12,10,211
7030303932,7.0303E+12,11,117
7030303943,7.0303E+12,1,220
7030303943,7.0303E+12,2,35
7030303943,7.0303E+12,3,385
7030303943,7.0303E+12,4,243
7030303943,7.0303E+12,5,143
7030303943,7.0303E+12,6,42
7030303943,7.0303E+12,7,563
7030303943,7.0303E+12,8,179
7030303943,7.0303E+12,9,13
7030303943,7.0303E+12,10,576
7030303943,7.0303E+12,11,20
7030303943,7.0303E+12,12,291
7030303943,7.0303E+12,13,803
7030303943,7.0303E+12,14,494
7030303943,7.0303E+12,15,265
7030303943,7.0303E+12,16,732
7040103959,7.0401E+12,1,457
7040103959,7.0401E+12,2,571
7040103959,7.0401E+12,3,458
7040103959,7.0401E+12,4,129
7040103959,7.0401E+12,5,8
7040103959,7.0401E+12,6,324
7040103959,7.0401E+12,7,583
7040103959,7.0401E+12,8,637
7040103959,7.0401E+12,9,71
7040203968,7.0402E+12,1,566
7040203968,7.0402E+12,2,832
7040203968,7.0402E+12,3,889
7040203968,7.0402E+12,4,619
7040203968,7.0402E+12,5,433
7040203968,7.0402E+12,6,844
7040203968,7.0402E+12,7,935
7040203968,7.0402E+12,8,459
7040203976,7.0402E+12,1,626
7040203976,7.0402E+12,2,505
7040203976,7.0402E+12,3,132
7040203976,7.0402E+12,4,269
7040203976,7.0402E+12,5,151
7040203976,7.0402E+12,6,786
7040203976,7.0402E+12,7,492
7040203976,7.0402E+12,8,692
7040203976,7.0402E+12,9,971
7040203976,7.0402E+12,10,178
7040203976,7.0402E+12,11,222
7040203976,7.0402E+12,12,885
7040203976,7.0402E+12,13,838
7040203976,7.0402E+12,14,102
7040203976,7.0402E+12,15,358
7040203976,7.0402E+12,16,948
7040203976,7.0402E+12,17,538
7040203976,7.0402E+12,18,949
7040203976,7.0402E+12,19,980
7040203976,7.0402E+12,20,374
7040203996,7.0402E+12,1,298
7040203996,7.0402E+12,2,895
7040203996,7.0402E+12,3,215
7040203996,7.0402E+12,4,304
7040203996,7.0402E+12,5,358
7040203996,7.0402E+12,6,733
7040203996,7.0402E+12,7,158
7040203996,7.0402E+12,8,660
7040203996,7.0402E+12,9,420
7040203996,7.0402E+12,10,24
7040203996,7.0402E+12,11,678
7040203996,7.0402E+12,12,607
7040203996,7.0402E+12,13,378
7040203996,7.0402E+12,14,228
7040203996,7.0402E+12,15,563
7040203996,7.0402E+12,16,99
7040203996,7.0402E+12,17,167
7040203996,7.0402E+12,18,738
7040203996,7.0402E+12,19,419
7040204015,7.0402E+12,1,731
7040204015,7.0402E+12,2,166
7040204015,7.0402E+12,3,318
7040204015,7.0402E+12,4,502
7040204015,7.0402E+12,5,188
7040204015,7.0402E+12,6,922
7040204015,7.0402E+12,7,682
7040204015,7.0402E+12,8,286
7040204015,7.0402E+12,9,930
7040204015,7.0402E+12,10,71
7040204015,7.0402E+12,11,903
7040204015,7.0402E+12,12,71
7040204015,7.0402E+12,13,342
7040204015,7.0402E+12,14,21
7040404029,7.0404E+12,1,714
7040404029,7.0404E+12,2,56
7040404029,7.0404E+12,3,674
7040404029,7.0404E+12,4,49
7040404029,7.0404E+12,5,257
7040404029,7.0404E+12,6,422
7040404029,7.0404E+12,7,283
7040404029,7.0404E+12,8,688
7040404029,7.0404E+12,9,392
7040404029,7.0404E+12,10,217
7040404029,7.0404E+12,11,433
7040404029,7.0404E+12,12,823
7040404029,7.0404E+12,13,297
7040404029,7.0404E+12,14,217
7040404029,7.0404E+12,15,489
7040404029,7.0404E+12,16,580
7040404029,7.0404E+12,17,894
7040404046,7.0404E+12,1,197
7040404046,7.0404E+12,2,534
7040404046,7.0404E+12,3,598
7040404046,7.0404E+12,4,313
7040404046,7.0404E+12,5,524
7040404046,7.0404E+12,6,305
7040404046,7.0404E+12,7,931
7040404046,7.0404E+12,8,528
7040404046,7.0404E+12,9,372
7040404046,7.0404E+12,10,331
7040404046,7.0404E+12,11,82
7040404046,7.0404E+12,12,114
7040404046,7.0404E+12,13,351
7040404046,7.0404E+12,14,159
7040404046,7.0404E+12,15,159
7040404046,7.0404E+12,16,511
7040404046,7.0404E+12,17,880
7040404046,7.0404E+12,18,852
7040404064,7.0404E+12,1,790
7040404064,7.0404E+12,2,330
7040404064,7.0404E+12,3,744
7040404064,7.0404E+12,4,450
7040404068,7.0404E+12,1,529
7040404068,7.0404E+12,2,560
7040404068,7.0404E+12,3,707
7040404068,7.0404E+12,4,291
7040404068,7.0404E+12,5,976
7040404068,7.0404E+12,6,140
7040404068,7.0404E+12,7,216
7040404068,7.0404E+12,8,316
7040404068,7.0404E+12,9,37
7040404068,7.0404E+12,10,703
7040404068,7.0404E+12,11,685
7040404068,7.0404E+12,12,206
7040404068,7.0404E+12,13,920
7040404068,7.0404E+12,14,337
7040404068,7.0404E+12,15,758
7040404068,7.0404E+12,16,906
7050104084,7.0501E+12,1,278
7050104084,7.0501E+12,2,255
7050104084,7.0501E+12,3,156
7050104084,7.0501E+12,4,12
7050104084,7.0501E+12,5,5
7050104084,7.0501E+12,6,737
7050104084,7.0501E+12,7,343
7050104084,7.0501E+12,8,983
7050104092,7.0501E+12,1,669
7050104092,7.0501E+12,2,933
7050104092,7.0501E+12,3,257
7050104092,7.0501E+12,4,609
7050104092,7.0501E+12,5,260
7050104092,7.0501E+12,6,492
7050104092,7.0501E+12,7,194
7050104092,7.0501E+12,8,34
7050104092,7.0501E+12,9,522
7050104092,7.0501E+12,10,697
7050104092,7.0501E+12,11,603
7050104092,7.0501E+12,12,772
7050104092,7.0501E+12,13,185
7050104092,7.0501E+12,14,94
7050104092,7.0501E+12,15,898
7050104092,7.0501E+12,16,368
7050104092,7.0501E+12,17,398
7050104092,7.0501E+12,18,31
7050104092,7.0501E+12,19,265
7050104092,7.0501E+12,20,722
7050104112,7.0501E+12,1,598
7050104112,7.0501E+12,2,958
7050104112,7.0501E+12,3,227
7050104112,7.0501E+12,4,816
7050104112,7.0501E+12,5,125
7050104112,7.0501E+12,6,228
7050104112,7.0501E+12,7,19
7050104112,7.0501E+12,8,409
7050104120,7.0501E+12,1,161
7050104120,7.0501E+12,2,420
7050104120,7.0501E+12,3,492
7050204123,7.0502E+12,1,983
7050204123,7.0502E+12,2,586
7050204123,7.0502E+12,3,486
7050204123,7.0502E+12,4,940
7050204123,7.0502E+12,5,574
7050204123,7.0502E+12,6,800
7050204123,7.0502E+12,7,603
7050204123,7.0502E+12,8,84
7050204123,7.0502E+12,9,854
7050304132,7.0503E+12,1,943
7050304132,7.0503E+12,2,413
7050304132,7.0503E+12,3,139
7050304132,7.0503E+12,4,653
7050304132,7.0503E+12,5,374
7050304132,7.0503E+12,6,178
7050304132,7.0503E+12,7,714
7050304132,7.0503E+12,8,949
7050304132,7.0503E+12,9,869
7050304132,7.0503E+12,10,228
7050304132,7.0503E+12,11,574
7050304132,7.0503E+12,12,580
7050304132,7.0503E+12,13,53
7050304132,7.0503E+12,14,736
7050304132,7.0503E+12,15,192
7050304132,7.0503E+12,16,797
7050304132,7.0503E+12,17,746
7050304132,7.0503E+12,18,114
7050304132,7.0503E+12,19,338
7050304132,7.0503E+12,20,186
7060104152,7.0601E+12,1,541
7060104152,7.0601E+12,2,993
7060104152,7.0601E+12,3,150
7060104152,7.0601E+12,4,712
7060104152,7.0601E+12,5,197
7060104152,7.0601E+12,6,22
7060104152,7.0601E+12,7,564
7060104152,7.0601E+12,8,86
7060104152,7.0601E+12,9,290
7060104152,7.0601E+12,10,700
7060104152,7.0601E+12,11,139
7060104163,7.0601E+12,1,699
7060104163,7.0601E+12,2,288
7060104163,7.0601E+12,3,759
7060104163,7.0601E+12,4,687
7060104163,7.0601E+12,5,151
7060104163,7.0601E+12,6,654
7060104163,7.0601E+12,7,261
7060104163,7.0601E+12,8,590
7060104163,7.0601E+12,9,148
7060104172,7.0601E+12,1,758
7060104172,7.0601E+12,2,926
7060104172,7.0601E+12,3,19
7060104172,7.0601E+12,4,461
7060104172,7.0601E+12,5,643
7060104172,7.0601E+12,6,403
7060104172,7.0601E+12,7,456
7060104172,7.0601E+12,8,875
7060104172,7.0601E+12,9,699
7060104172,7.0601E+12,10,715
7060104172,7.0601E+12,11,436
7060104172,7.0601E+12,12,276
7060104172,7.0601E+12,13,304
7060104172,7.0601E+12,14,432
7060104172,7.0601E+12,15,146
7060104172,7.0601E+12,16,745
7060104172,7.0601E+12,17,367
7060204189,7.0602E+12,1,683
7060204189,7.0602E+12,2,28
7060204189,7.0602E+12,3,271
7060204189,7.0602E+12,4,643
7060204189,7.0602E+12,5,838
7060204189,7.0602E+12,6,940
7060204189,7.0602E+12,7,74
7060204189,7.0602E+12,8,921
7060204189,7.0602E+12,9,432
7060204189,7.0602E+12,10,424
7060204189,7.0602E+12,11,221
7060204189,7.0602E+12,12,522
7060204189,7.0602E+12,13,105
7060204189,7.0602E+12,14,730
7060204189,7.0602E+12,15,705
7060204189,7.0602E+12,16,516
7060204189,7.0602E+12,17,781
7060304206,7.0603E+12,1,770
7060304206,7.0603E+12,2,15
7060304206,7.0603E+12,3,211
7060304206,7.0603E+12,4,363
7060304206,7.0603E+12,5,719
7060304206,7.0603E+12,6,989
7060304206,7.0603E+12,7,384
7060304206,7.0603E+12,8,339
7060304206,7.0603E+12,9,984
7060304206,7.0603E+12,10,489
7060304206,7.0603E+12,11,118
7060304206,7.0603E+12,12,673
7060304218,7.0603E+12,1,670
7060304218,7.0603E+12,2,299
7060304218,7.0603E+12,3,493
7060304218,7.0603E+12,4,111
7060304218,7.0603E+12,5,136
7060304218,7.0603E+12,6,163
7060304218,7.0603E+12,7,500
7060304218,7.0603E+12,8,984
7060304218,7.0603E+12,9,830
7060304218,7.0603E+12,10,828
7060304218,7.0603E+12,11,881
7060304218,7.0603E+12,12,435
7060304218,7.0603E+12,13,914
7060304218,7.0603E+12,14,333
7060304218,7.0603E+12,15,762
7060304218,7.0603E+12,16,444
7060304218,7.0603E+12,17,82
7060304218,7.0603E+12,18,520
7060304218,7.0603E+12,19,260
7060304237,7.0603E+12,1,89
7060304237,7.0603E+12,2,621
7060304237,7.0603E+12,3,395
7060304237,7.0603E+12,4,228
7060304237,7.0603E+12,5,726
7070104242,7.0701E+12,1,641
7070104242,7.0701E+12,2,384
7070204244,7.0702E+12,1,294
7070204244,7.0702E+12,2,455
7070204244,7.0702E+12,3,458
7070204244,7.0702E+12,4,480
7070204244,7.0702E+12,5,663
7070204244,7.0702E+12,6,840
7070204244,7.0702E+12,7,350
7070204251,7.0702E+12,1,994
7070204251,7.0702E+12,2,983
7070204251,7.0702E+12,3,446
7070204251,7.0702E+12,4,592
7070204251,7.0702E+12,5,993
7070204251,7.0702E+12,6,661
7070204251,7.0702E+12,7,37
7070204251,7.0702E+12,8,363
7070204251,7.0702E+12,9,538
7070204251,7.0702E+12,10,405
7070204251,7.0702E+12,11,24
7070204251,7.0702E+12,12,448
7070304263,7.0703E+12,1,952
7070304263,7.0703E+12,2,182
7070304263,7.0703E+12,3,941
7070304263,7.0703E+12,4,464
7070304263,7.0703E+12,5,570
7070304263,7.0703E+12,6,861
7070304263,7.0703E+12,7,996
7070304263,7.0703E+12,8,42
7070304263,7.0703E+12,9,622
7070304263,7.0703E+12,10,126
7070304263,7.0703E+12,11,236
7070304274,7.0703E+12,1,123
7070304274,7.0703E+12,2,450
7070304274,7.0703E+12,3,64
7070304274,7.0703E+12,4,325
7070304274,7.0703E+12,5,651
7070304274,7.0703E+12,6,564
7070304274,7.0703E+12,7,682
7070304274,7.0703E+12,8,961
7070304274,7.0703E+12,9,105
7070304274,7.0703E+12,10,721
7070304274,7.0703E+12,11,556
7070304274,7.0703E+12,12,298
7070304274,7.0703E+12,13,518
7070304274,7.0703E+12,14,894
7070304274,7.0703E+12,15,700
7070304274,7.0703E+12,16,651
7070304274,7.0703E+12,17,141
7070304291,7.0703E+12,1,284
7070304291,7.0703E+12,2,516
7070304291,7.0703E+12,3,135
7070304291,7.0703E+12,4,334
7070304291,7.0703E+12,5,198
7070304291,7.0703E+12,6,64
7070304291,7.0703E+12,7,501
7070304291,7.0703E+12,8,863
7070304291,7.0703E+12,9,629
7070304291,7.0703E+12,10,913
7070304291,7.0703E+12,11,874
7070304291,7.0703E+12,12,739
7070304291,7.0703E+12,13,844
7070304291,7.0703E+12,14,973
7070304291,7.0703E+12,15,92
7070404306,7.0704E+12,1,311
7070404306,7.0704E+12,2,334
7070404306,7.0704E+12,3,854
7070404306,7.0704E+12,4,989
7070404306,7.0704E+12,5,560
7070404306,7.0704E+12,6,662
7070404306,7.0704E+12,7,555
7070404306,7.0704E+12,8,659
7070404306,7.0704E+12,9,276
7070404306,7.0704E+12,10,962
7070404306,7.0704E+12,11,503
7070404306,7.0704E+12,12,443
7070404306,7.0704E+12,13,262
7070404306,7.0704E+12,14,296
7070404320,7.0704E+12,1,84
7070404320,7.0704E+12,2,288
7070404320,7.0704E+12,3,477
7070404320,7.0704E+12,4,591
7070404320,7.0704E+12,5,657
7070404320,7.0704E+12,6,846
7070404320,7.0704E+12,7,605
7070404320,7.0704E+12,8,266
7070404320,7.0704E+12,9,663
7070404320,7.0704E+12,10,783
7070504330,7.0705E+12,1,851
7070504330,7.0705E+12,2,175
7070504330,7.0705E+12,3,479
7070504330,7.0705E+12,4,484
7070504330,7.0705E+12,5,41
7070504330,7.0705E+12,6,393
7070504330,7.0705E+12,7,688
7070504330,7.0705E+12,8,659
7070504330,7.0705E+12,9,68
7070504330,7.0705E+12,10,965
7070504330,7.0705E+12,11,992
7070504330,7.0705E+12,12,2
7070504330,7.0705E+12,13,616
7070504330,7.0705E+12,14,498
7070504330,7.0705E+12,15,330
7070504330,7.0705E+12,16,664
7070504330,7.0705E+12,17,861
7070504330,7.0705E+12,18,169
7070604348,7.0706E+12,1,538
7070604348,7.0706E+12,2,376
7070604348,7.0706E+12,3,380
7070604348,7.0706E+12,4,920
7070604348,7.0706E+12,5,739
7070604348,7.0706E+12,6,703
7070604348,7.0706E+12,7,991
7070604348,7.0706E+12,8,777
7070604348,7.0706E+12,9,622
7070604348,7.0706E+12,10,234
7070604348,7.0706E+12,11,353
7070604348,7.0706E+12,12,747
7070704360,7.0707E+12,1,287
7070704360,7.0707E+12,2,423
7070704360,7.0707E+12,3,165
7070704360,7.0707E+12,4,303
7070704364,7.0707E+12,1,326
7080104365,7.0801E+12,1,440
7080104365,7.0801E+12,2,264
7080104365,7.0801E+12,3,627
7080104365,7.0801E+12,4,278
7080104365,7.0801E+12,5,893
7080104365,7.0801E+12,6,213
7080104365,7.0801E+12,7,616
7080104365,7.0801E+12,8,284
7080104365,7.0801E+12,9,636
7080104365,7.0801E+12,10,210
7080104365,7.0801E+12,11,524
7080104365,7.0801E+12,12,33
7080104365,7.0801E+12,13,782
7080104365,7.0801E+12,14,601
7080204379,7.0802E+12,1,588
7080204379,7.0802E+12,2,500
7080204379,7.0802E+12,3,306
7080204379,7.0802E+12,4,812
7080204379,7.0802E+12,5,505
7080204379,7.0802E+12,6,346
7080204379,7.0802E+12,7,912
7080204379,7.0802E+12,8,58
7080204379,7.0802E+12,9,405
7080204379,7.0802E+12,10,392
7080204379,7.0802E+12,11,703
7080204379,7.0802E+12,12,229
7080204379,7.0802E+12,13,740
7080204379,7.0802E+12,14,498
7080204379,7.0802E+12,15,390
7080204379,7.0802E+12,16,781
7080204379,7.0802E+12,17,267
7080204379,7.0802E+12,18,61
7080204379,7.0802E+12,19,538
7080204379,7.0802E+12,20,83
7080204399,7.0802E+12,1,117
7080204399,7.0802E+12,2,352
7080204399,7.0802E+12,3,125
7080204399,7.0802E+12,4,464
7080204399,7.0802E+12,5,348
7080204399,7.0802E+12,6,49
7080204399,7.0802E+12,7,607
7080204399,7.0802E+12,8,106
7080204399,7.0802E+12,9,963
7080204399,7.0802E+12,10,427
7080204399,7.0802E+12,11,712
7080204399,7.0802E+12,12,98
7080204399,7.0802E+12,13,880
7080204399,7.0802E+12,14,936
7080204399,7.0802E+12,15,358
7080204399,7.0802E+12,16,911
7080204399,7.0802E+12,17,852
7080204399,7.0802E+12,18,489
7080204399,7.0802E+12,19,927
7080204418,7.0802E+12,1,169
7080204418,7.0802E+12,2,645
7080204418,7.0802E+12,3,880
7080204418,7.0802E+12,4,657
7080204418,7.0802E+12,5,466
7080304423,7.0803E+12,1,840
7080304423,7.0803E+12,2,195
7080304423,7.0803E+12,3,205
7080304423,7.0803E+12,4,146
7080304423,7.0803E+12,5,461
7080304423,7.0803E+12,6,320
7080304423,7.0803E+12,7,384
7080304423,7.0803E+12,8,851
7080404431,7.0804E+12,1,979
7080404431,7.0804E+12,2,998
7080404431,7.0804E+12,3,494
7080404431,7.0804E+12,4,304
7080404431,7.0804E+12,5,625
7080404431,7.0804E+12,6,765
7080404431,7.0804E+12,7,870
7080404431,7.0804E+12,8,479
7080404431,7.0804E+12,9,473
7080404431,7.0804E+12,10,737
7080404431,7.0804E+12,11,81
7080404431,7.0804E+12,12,496
7080404431,7.0804E+12,13,247
7080404431,7.0804E+12,14,706
7080404431,7.0804E+12,15,772
7080404431,7.0804E+12,16,497
7080404431,7.0804E+12,17,358
7080404431,7.0804E+12,18,393
7080404431,7.0804E+12,19,245
7080404450,7.0804E+12,1,811
7080404450,7.0804E+12,2,987
7080404450,7.0804E+12,3,869
7080404450,7.0804E+12,4,281
7080404450,7.0804E+12,5,394
7080404455,7.0804E+12,1,160
7080404455,7.0804E+12,2,688
7080404457,7.0804E+12,1,575
7080404457,7.0804E+12,2,680
7080404457,7.0804E+12,3,124
7080404457,7.0804E+12,4,344
7080404457,7.0804E+12,5,905
7080404457,7.0804E+12,6,578
7080404457,7.0804E+12,7,869
7080404457,7.0804E+12,8,407
7080404457,7.0804E+12,9,131
7080404457,7.0804E+12,10,344
7080404457,7.0804E+12,11,65
7080404457,7.0804E+12,12,329
7080404457,7.0804E+12,13,195
7080404457,7.0804E+12,14,89
7080404457,7.0804E+12,15,4
7080404457,7.0804E+12,16,629
7080404457,7.0804E+12,17,51
7080404457,7.0804E+12,18,634
7080404457,7.0804E+12,19,255
7080404457,7.0804E+12,20,588
7080504477,7.0805E+12,1,508
7080504477,7.0805E+12,2,583
7090104479,7.0901E+12,1,46
7090104479,7.0901E+12,2,890
7090104479,7.0901E+12,3,622
7090104479,7.0901E+12,4,657
7090104479,7.0901E+12,5,670
7090104479,7.0901E+12,6,972
7090104479,7.0901E+12,7,498
7090104479,7.0901E+12,8,550
7090104479,7.0901E+12,9,439
7090104479,7.0901E+12,10,80
7090204489,7.0902E+12,1,430
7090204489,7.0902E+12,2,612
7090204489,7.0902E+12,3,85
7090204489,7.0902E+12,4,471
7090204489,7.0902E+12,5,157
7090204489,7.0902E+12,6,821
7090204489,7.0902E+12,7,852
7090204496,7.0902E+12,1,506
7090204496,7.0902E+12,2,132
7090204496,7.0902E+12,3,18
7090204496,7.0902E+12,4,725
7090204496,7.0902E+12,5,825
7090204501,7.0902E+12,1,792
7090204501,7.0902E+12,2,616
7090304503,7.0903E+12,1,851
7090304503,7.0903E+12,2,575
7090304503,7.0903E+12,3,443
7090304503,7.0903E+12,4,51
7090304503,7.0903E+12,5,831
7090304503,7.0903E+12,6,487
7090304503,7.0903E+12,7,878
7090304503,7.0903E+12,8,401
7090304503,7.0903E+12,9,233
7090404512,7.0904E+12,1,29
7090404512,7.0904E+12,2,347
7090404512,7.0904E+12,3,792
7090404512,7.0904E+12,4,119
7090404512,7.0904E+12,5,378
7090404512,7.0904E+12,6,657
7090404512,7.0904E+12,7,153
7090404512,7.0904E+12,8,226
7090404512,7.0904E+12,9,368
7090404512,7.0904E+12,10,713
7090404512,7.0904E+12,11,366
7100104523,7.1001E+12,1,334
7100104523,7.1001E+12,2,304
7100104523,7.1001E+12,3,400
7100104523,7.1001E+12,4,144
7100104523,7.1001E+12,5,973
7100104523,7.1001E+12,6,280
7100104523,7.1001E+12,7,952
7100104523,7.1001E+12,8,553
7100104523,7.1001E+12,9,172
7100104523,7.1001E+12,10,879
7100104523,7.1001E+12,11,332
7100104523,7.1001E+12,12,722
7100104523,7.1001E+12,13,89
7100104523,7.1001E+12,14,264
7100104523,7.1001E+12,15,162
7100104523,7.1001E+12,16,899
7100104523,7.1001E+12,17,250
7100104523,7.1001E+12,18,884
7100204541,7.1002E+12,1,740
7100204541,7.1002E+12,2,3
7100204541,7.1002E+12,3,530
7100204541,7.1002E+12,4,306
7100204541,7.1002E+12,5,768
7100204541,7.1002E+12,6,592
7100204541,7.1002E+12,7,215
7100204541,7.1002E+12,8,842
7100204541,7.1002E+12,9,998
7100304550,7.1003E+12,1,303
7100304550,7.1003E+12,2,791
7100304550,7.1003E+12,3,847
7100304550,7.1003E+12,4,600
7100304550,7.1003E+12,5,191
7100304550,7.1003E+12,6,519
7100304550,7.1003E+12,7,166
7100304550,7.1003E+12,8,975
7100304550,7.1003E+12,9,424
7100304550,7.1003E+12,10,392
7100304550,7.1003E+12,11,377
7100304561,7.1003E+12,1,921
7100304561,7.1003E+12,2,441
7100304561,7.1003E+12,3,947
7100304561,7.1003E+12,4,95
7100304561,7.1003E+12,5,1
7100304561,7.1003E+12,6,63
7100304561,7.1003E+12,7,75
7100304561,7.1003E+12,8,371
7100304561,7.1003E+12,9,401
7100304561,7.1003E+12,10,200
7100404571,7.1004E+12,1,95
7100404571,7.1004E+12,2,619
7100404571,7.1004E+12,3,89
7100404571,7.1004E+12,4,569
7100404571,7.1004E+12,5,771
7100404571,7.1004E+12,6,530
7100404571,7.1004E+12,7,644
7100404571,7.1004E+12,8,874
7100404571,7.1004E+12,9,489
7100404571,7.1004E+12,10,312
7100404571,7.1004E+12,11,305
7100404571,7.1004E+12,12,307
7100404571,7.1004E+12,13,126
7100404571,7.1004E+12,14,329
7100404571,7.1004E+12,15,277
7100404571,7.1004E+12,16,801
7100404571,7.1004E+12,17,622
7100404571,7.1004E+12,18,727
7100404571,7.1004E+12,19,199
7100504590,7.1005E+12,1,107
7100504590,7.1005E+12,2,263
7100504590,7.1005E+12,3,587
7100504590,7.1005E+12,4,74
7100504590,7.1005E+12,5,807
7100504590,7.1005E+12,6,432
7100504590,7.1005E+12,7,422
7100504590,7.1005E+12,8,106
7100504590,7.1005E+12,9,177
7100504590,7.1005E+12,10,555
7100504590,7.1005E+12,11,872
7100504590,7.1005E+12,12,472
7100504590,7.1005E+12,13,814
7100504590,7.1005E+12,14,814
7100504590,7.1005E+12,15,745
7100504605,7.1005E+12,1,83
7100504605,7.1005E+12,2,493
7110104607,7.1101E+12,1,895
7110104607,7.1101E+12,2,22
7110104607,7.1101E+12,3,655
7110104607,7.1101E+12,4,72
7110104607,7.1101E+12,5,173
7110104607,7.1101E+12,6,31
7110104607,7.1101E+12,7,809
7110104607,7.1101E+12,8,564
7110104607,7.1101E+12,9,598
7110104607,7.1101E+12,10,542
7110104607,7.1101E+12,11,532
7110104607,7.1101E+12,12,798
7110104607,7.1101E+12,13,788
7110104607,7.1101E+12,14,251
7110104607,7.1101E+12,15,457
7110104607,7.1101E+12,16,131
7110104607,7.1101E+12,17,626
7110104607,7.1101E+12,18,846
7110104607,7.1101E+12,19,555
7110104607,7.1101E+12,20,482
7110104627,7.1101E+12,1,87
7110104627,7.1101E+12,2,89
7110104627,7.1101E+12,3,687
7110104627,7.1101E+12,4,602
7110104627,7.1101E+12,5,288
7110104627,7.1101E+12,6,457
7110104627,7.1101E+12,7,150
7110104627,7.1101E+12,8,148
7110104627,7.1101E+12,9,548
7110104627,7.1101E+12,10,344
7110104627,7.1101E+12,11,857
7110104627,7.1101E+12,12,930
7110104627,7.1101E+12,13,503
7110104627,7.1101E+12,14,221
7110204641,7.1102E+12,1,75
7110204641,7.1102E+12,2,650
7110204641,7.1102E+12,3,840
7110204641,7.1102E+12,4,389
7110204641,7.1102E+12,5,779
7110204641,7.1102E+12,6,37
7110204641,7.1102E+12,7,729
7110204641,7.1102E+12,8,235
7110204641,7.1102E+12,9,52
7110204641,7.1102E+12,10,744
7110204641,7.1102E+12,11,899
7110204641,7.1102E+12,12,689
7110204641,7.1102E+12,13,967
7110304654,7.1103E+12,1,973
7110304654,7.1103E+12,2,355
7110304654,7.1103E+12,3,326
7110304654,7.1103E+12,4,394
7110304654,7.1103E+12,5,959
7110304654,7.1103E+12,6,518
7110304654,7.1103E+12,7,952
7110304654,7.1103E+12,8,892
7110304654,7.1103E+12,9,587
7110304654,7.1103E+12,10,95
7110304654,7.1103E+12,11,800
7110304654,7.1103E+12,12,334
7110304654,7.1103E+12,13,797
7110304654,7.1103E+12,14,347
7110404668,7.1104E+12,1,387
7110404668,7.1104E+12,2,202
7110504670,7.1105E+12,1,270
7110504670,7.1105E+12,2,430
7110504670,7.1105E+12,3,607
7110504670,7.1105E+12,4,911
7110504670,7.1105E+12,5,624
7110504670,7.1105E+12,6,844
7110504670,7.1105E+12,7,762
7110504670,7.1105E+12,8,75
7110504670,7.1105E+12,9,132
7110504670,7.1105E+12,10,184
7110504670,7.1105E+12,11,577
7110504670,7.1105E+12,12,677
7110504670,7.1105E+12,13,32
7110504670,7.1105E+12,14,317
7110504670,7.1105E+12,15,655
7110504670,7.1105E+12,16,988
7110504670,7.1105E+12,17,664
7110504670,7.1105E+12,18,161
7110604688,7.1106E+12,1,278
7110604688,7.1106E+12,2,881
7110604688,7.1106E+12,3,765
7110604688,7.1106E+12,4,993
7110604688,7.1106E+12,5,827
7110604688,7.1106E+12,6,376
7110604688,7.1106E+12,7,787
7110604688,7.1106E+12,8,830
7110604688,7.1106E+12,9,27
7110604688,7.1106E+12,10,547
7110604688,7.1106E+12,11,316
7110604688,7.1106E+12,12,580
7110604688,7.1106E+12,13,199
7110604688,7.1106E+12,14,450
7110604702,7.1106E+12,1,231
7110604702,7.1106E+12,2,216
7110604702,7.1106E+12,3,920
7110604702,7.1106E+12,4,968
7110604702,7.1106E+12,5,593
7110604702,7.1106E+12,6,587
7110604702,7.1106E+12,7,847
7110604702,7.1106E+12,8,730
7110604702,7.1106E+12,9,403
7110604702,7.1106E+12,10,260
7110604702,7.1106E+12,11,438
7110604702,7.1106E+12,12,412
7110604702,7.1106E+12,13,603
7110604702,7.1106E+12,14,245
7110604702,7.1106E+12,15,430
7130104717,7.1301E+12,1,380
7130104717,7.1301E+12,2,732
7130104717,7.1301E+12,3,659
7130104717,7.1301E+12,4,537
7130104717,7.1301E+12,5,244
7130104717,7.1301E+12,6,614
7130104717,7.1301E+12,7,177
7130104717,7.1301E+12,8,247
7130104717,7.1301E+12,9,849
7130204726,7.1302E+12,1,251
7130204726,7.1302E+12,2,286
7130204726,7.1302E+12,3,970
7130204726,7.1302E+12,4,940
7130204726,7.1302E+12,5,22
7130204726,7.1302E+12,6,143
7130204726,7.1302E+12,7,961
7130204726,7.1302E+12,8,78
7130204726,7.1302E+12,9,139
7130204726,7.1302E+12,10,348
7130204726,7.1302E+12,11,758
7130204726,7.1302E+12,12,991
7130204726,7.1302E+12,13,836
7130204726,7.1302E+12,14,86
7130204726,7.1302E+12,15,348
7130204726,7.1302E+12,16,921
7130204726,7.1302E+12,17,784
7130204726,7.1302E+12,18,161
7130204726,7.1302E+12,19,11
7130204745,7.1302E+12,1,186
7130204745,7.1302E+12,2,226
7130204745,7.1302E+12,3,913
7130204745,7.1302E+12,4,600
7130204745,7.1302E+12,5,961
7130204745,7.1302E+12,6,925
7130204745,7.1302E+12,7,83
7130204745,7.1302E+12,8,888
7130204745,7.1302E+12,9,54
7130204745,7.1302E+12,10,676
7130204755,7.1302E+12,1,126
7130204755,7.1302E+12,2,635
7130204755,7.1302E+12,3,573
7130204755,7.1302E+12,4,305
7130204755,7.1302E+12,5,996
7130204755,7.1302E+12,6,326
7130204755,7.1302E+12,7,405
7130204755,7.1302E+12,8,573
7130204755,7.1302E+12,9,15
7130204755,7.1302E+12,10,112
7130204755,7.1302E+12,11,833
7130204755,7.1302E+12,12,364
7130204755,7.1302E+12,13,628
7130204755,7.1302E+12,14,56
7130204755,7.1302E+12,15,54
7130204755,7.1302E+12,16,217
7140104771,7.1401E+12,1,658
7140104771,7.1401E+12,2,955
7140104771,7.1401E+12,3,119
7140104771,7.1401E+12,4,174
7140104771,7.1401E+12,5,235
7140104771,7.1401E+12,6,814
7140104771,7.1401E+12,7,786
7140104771,7.1401E+12,8,52
7140104771,7.1401E+12,9,54
7140104780,7.1401E+12,1,678
7140104780,7.1401E+12,2,398
7140104780,7.1401E+12,3,637
7140104780,7.1401E+12,4,571
7140104780,7.1401E+12,5,957
7140104780,7.1401E+12,6,245
7140104780,7.1401E+12,7,120
7140204787,7.1402E+12,1,166
7140204787,7.1402E+12,2,594
7140204787,7.1402E+12,3,872
7140204787,7.1402E+12,4,134
7140204787,7.1402E+12,5,602
7140204787,7.1402E+12,6,683
7140204787,7.1402E+12,7,298
7140204787,7.1402E+12,8,609
7140204787,7.1402E+12,9,867
7140204787,7.1402E+12,10,409
7140204787,7.1402E+12,11,248
7140204787,7.1402E+12,12,307
7140204787,7.1402E+12,13,342
7140304800,7.1403E+12,1,492
7150104801,7.1501E+12,1,397
7150104801,7.1501E+12,2,575
7150104801,7.1501E+12,3,540
7150104801,7.1501E+12,4,956
7150104801,7.1501E+12,5,486
7150104801,7.1501E+12,6,856
7150104801,7.1501E+12,7,195
7150104801,7.1501E+12,8,389
7150104801,7.1501E+12,9,176
7150104801,7.1501E+12,10,366
7150104801,7.1501E+12,11,461
7150104801,7.1501E+12,12,740
7150104801,7.1501E+12,13,322
7150104801,7.1501E+12,14,746
7150104801,7.1501E+12,15,476
7150104801,7.1501E+12,16,728
7150104817,7.1501E+12,1,839
7150104817,7.1501E+12,2,280
7150104817,7.1501E+12,3,791
7150104817,7.1501E+12,4,856
7150104817,7.1501E+12,5,635
7150104817,7.1501E+12,6,997
7150104817,7.1501E+12,7,4
7150104817,7.1501E+12,8,306
7150104817,7.1501E+12,9,988
7150104817,7.1501E+12,10,933
7150104817,7.1501E+12,11,941
7150204828,7.1502E+12,1,505
7150204828,7.1502E+12,2,85
7150204828,7.1502E+12,3,43
7150204828,7.1502E+12,4,243
7150204828,7.1502E+12,5,872
7150204828,7.1502E+12,6,849
7150204828,7.1502E+12,7,185
7150204828,7.1502E+12,8,705
7150204828,7.1502E+12,9,934
7150204828,7.1502E+12,10,420
7150204828,7.1502E+12,11,579
7150204828,7.1502E+12,12,250
7150204828,7.1502E+12,13,731
7150204828,7.1502E+12,14,950
7150204828,7.1502E+12,15,334
7150204828,7.1502E+12,16,628
7150204828,7.1502E+12,17,246
7150204845,7.1502E+12,1,912
7150204845,7.1502E+12,2,449
7150204845,7.1502E+12,3,783
7150204845,7.1502E+12,4,42
7150204845,7.1502E+12,5,497
7150204845,7.1502E+12,6,922
7150204845,7.1502E+12,7,116
7150204845,7.1502E+12,8,391
7150204845,7.1502E+12,9,558
7150304854,7.1503E+12,1,635
7150304854,7.1503E+12,2,972
7150304854,7.1503E+12,3,307
7150304854,7.1503E+12,4,762
7150304854,7.1503E+12,5,11
7150304854,7.1503E+12,6,575
7150304854,7.1503E+12,7,329
7150304854,7.1503E+12,8,367
7150304854,7.1503E+12,9,325
7150304854,7.1503E+12,10,20
7150304854,7.1503E+12,11,862
7150304854,7.1503E+12,12,547
7150304854,7.1503E+12,13,233
7150304854,7.1503E+12,14,644
7150304854,7.1503E+12,15,99
7150304854,7.1503E+12,16,923
7150304854,7.1503E+12,17,29
7150304854,7.1503E+12,18,956
7150304872,7.1503E+12,1,69
7150304872,7.1503E+12,2,785
7150304872,7.1503E+12,3,874
7150304872,7.1503E+12,4,241
7150304872,7.1503E+12,5,891
7150304872,7.1503E+12,6,34
7150304872,7.1503E+12,7,136
8010104879,8.0101E+12,1,159
8010104879,8.0101E+12,2,578
8010104879,8.0101E+12,3,267
8010104879,8.0101E+12,4,701
8010104879,8.0101E+12,5,549
8010104879,8.0101E+12,6,312
8010104879,8.0101E+12,7,937
8010104879,8.0101E+12,8,425
8010104879,8.0101E+12,9,365
8010104879,8.0101E+12,10,265
8010104879,8.0101E+12,11,569
8010104890,8.0101E+12,1,633
8010104890,8.0101E+12,2,785
8010104890,8.0101E+12,3,374
8010104890,8.0101E+12,4,90
8010104890,8.0101E+12,5,269
8010104890,8.0101E+12,6,902
8010104890,8.0101E+12,7,505
8010104890,8.0101E+12,8,922
8010104890,8.0101E+12,9,329
8010104890,8.0101E+12,10,12
8020104900,8.0201E+12,1,764
8020104900,8.0201E+12,2,683
8020104900,8.0201E+12,3,112
8020104900,8.0201E+12,4,821
8020104900,8.0201E+12,5,82
8020104900,8.0201E+12,6,304
8020104900,8.0201E+12,7,658
8020104900,8.0201E+12,8,580
8020104900,8.0201E+12,9,420
8020104900,8.0201E+12,10,35
8020104900,8.0201E+12,11,64
8020104900,8.0201E+12,12,411
8020104900,8.0201E+12,13,812
8020104900,8.0201E+12,14,501
8020104900,8.0201E+12,15,318
8020104900,8.0201E+12,16,644
8020104900,8.0201E+12,17,498
8020104900,8.0201E+12,18,735
8020104918,8.0201E+12,1,501
8020104918,8.0201E+12,2,778
8020104918,8.0201E+12,3,773
8020104918,8.0201E+12,4,9
8020104918,8.0201E+12,5,560
8020104918,8.0201E+12,6,102
8020104918,8.0201E+12,7,775
8020104918,8.0201E+12,8,252
8030104926,8.0301E+12,1,723
8030104926,8.0301E+12,2,479
8030104926,8.0301E+12,3,168
8030104926,8.0301E+12,4,127
8030104926,8.0301E+12,5,484
8030104926,8.0301E+12,6,972
8030104926,8.0301E+12,7,219
8030104933,8.0301E+12,1,19
8030204934,8.0302E+12,1,777
8030204934,8.0302E+12,2,386
8030204934,8.0302E+12,3,614
8030204934,8.0302E+12,4,342
8030204934,8.0302E+12,5,685
8030204934,8.0302E+12,6,348
8030204934,8.0302E+12,7,443
8030204934,8.0302E+12,8,61
8030204934,8.0302E+12,9,231
8030204934,8.0302E+12,10,363
8030204934,8.0302E+12,11,915
8030204934,8.0302E+12,12,353
8030204934,8.0302E+12,13,938
8030204934,8.0302E+12,14,389
8030204934,8.0302E+12,15,292
8030204934,8.0302E+12,16,969
8030204934,8.0302E+12,17,879
8030204934,8.0302E+12,18,492
8030204952,8.0302E+12,1,147
8030204952,8.0302E+12,2,441
8030204952,8.0302E+12,3,62
8030204952,8.0302E+12,4,909
8030204952,8.0302E+12,5,991
8030204952,8.0302E+12,6,368
8030204952,8.0302E+12,7,484
8030204952,8.0302E+12,8,617
8030204952,8.0302E+12,9,489
8030204952,8.0302E+12,10,533
8030204952,8.0302E+12,11,412
8030204952,8.0302E+12,12,717
8030204964,8.0302E+12,1,873
8030204964,8.0302E+12,2,867
8030204964,8.0302E+12,3,875
8030204964,8.0302E+12,4,11
8030204964,8.0302E+12,5,593
8030204964,8.0302E+12,6,18
8030204964,8.0302E+12,7,626
8030204964,8.0302E+12,8,988
8030204964,8.0302E+12,9,860
8030204964,8.0302E+12,10,126
8030204964,8.0302E+12,11,911
8030204964,8.0302E+12,12,94
8030204964,8.0302E+12,13,95
8030204964,8.0302E+12,14,656
8030304978,8.0303E+12,1,455
8030304978,8.0303E+12,2,842
8030304980,8.0303E+12,1,994
8030304980,8.0303E+12,2,932
8030304980,8.0303E+12,3,979
8030304980,8.0303E+12,4,419
8030304980,8.0303E+12,5,349
8030304980,8.0303E+12,6,253
8030304980,8.0303E+12,7,838
8030304980,8.0303E+12,8,97
8030304980,8.0303E+12,9,761
8030304980,8.0303E+12,10,540
8030304980,8.0303E+12,11,522
8030304980,8.0303E+12,12,296
8030304980,8.0303E+12,13,920
8030304980,8.0303E+12,14,556
8030404994,8.0304E+12,1,808
8030404994,8.0304E+12,2,586
8030404994,8.0304E+12,3,646
8030404994,8.0304E+12,4,18
8030404994,8.0304E+12,5,162
8030404994,8.0304E+12,6,7
8030404994,8.0304E+12,7,614
8030404994,8.0304E+12,8,386
8030404994,8.0304E+12,9,462
8030404994,8.0304E+12,10,959
8030404994,8.0304E+12,11,922
8030404994,8.0304E+12,12,823
8030404994,8.0304E+12,13,775
8030404994,8.0304E+12,14,859
8030404994,8.0304E+12,15,781
8030404994,8.0304E+12,16,776
8030404994,8.0304E+12,17,158
8030404994,8.0304E+12,18,384
8040105012,8.04011E+12,1,621
8040105012,8.04011E+12,2,943
8040105012,8.04011E+12,3,941
8040105012,8.04011E+12,4,540
8040105012,8.04011E+12,5,123
8040105012,8.04011E+12,6,767
8040105012,8.04011E+12,7,430
8040105012,8.04011E+12,8,653
8040105012,8.04011E+12,9,307
8040105012,8.04011E+12,10,428
8040105022,8.04011E+12,1,139
8040105022,8.04011E+12,2,652
8040105022,8.04011E+12,3,568
8040105022,8.04011E+12,4,219
8040105022,8.04011E+12,5,510
8040105022,8.04011E+12,6,36
8040105022,8.04011E+12,7,950
8040105022,8.04011E+12,8,917
8040105022,8.04011E+12,9,504
8040105022,8.04011E+12,10,838
8040105022,8.04011E+12,11,907
8040105022,8.04011E+12,12,711
8040205034,8.04021E+12,1,24
8040205034,8.04021E+12,2,425
8040205034,8.04021E+12,3,376
8040205034,8.04021E+12,4,925
8040205034,8.04021E+12,5,262
8040205034,8.04021E+12,6,519
8040205034,8.04021E+12,7,268
8040205034,8.04021E+12,8,672
8040205034,8.04021E+12,9,789
8040205034,8.04021E+12,10,119
8040205034,8.04021E+12,11,840
8040205034,8.04021E+12,12,526
8050105046,8.05011E+12,1,900
8050105046,8.05011E+12,2,847
8050105046,8.05011E+12,3,761
8050105046,8.05011E+12,4,964
8050105046,8.05011E+12,5,89
8050105046,8.05011E+12,6,718
8050105046,8.05011E+12,7,825
8050105046,8.05011E+12,8,50
8050105054,8.05011E+12,1,576
8050105054,8.05011E+12,2,308
8050105054,8.05011E+12,3,821
8050105054,8.05011E+12,4,945
8050105054,8.05011E+12,5,825
8050105054,8.05011E+12,6,194
8050105054,8.05011E+12,7,595
8050105054,8.05011E+12,8,184
8050105054,8.05011E+12,9,973
8050105054,8.05011E+12,10,609
8050105054,8.05011E+12,11,146
8050105054,8.05011E+12,12,11
8050105054,8.05011E+12,13,52
8060105067,8.06011E+12,1,624
8060105067,8.06011E+12,2,762
8060105067,8.06011E+12,3,597
8060105067,8.06011E+12,4,158
8060105067,8.06011E+12,5,335
8060105067,8.06011E+12,6,334
8060105067,8.06011E+12,7,654
8060105067,8.06011E+12,8,686
8060105067,8.06011E+12,9,51
8060105067,8.06011E+12,10,547
8060105067,8.06011E+12,11,584
8060105067,8.06011E+12,12,843
8060105067,8.06011E+12,13,682
8060105067,8.06011E+12,14,274
8060105067,8.06011E+12,15,655
8060205082,8.06021E+12,1,155
8060205082,8.06021E+12,2,351
8060205082,8.06021E+12,3,959
8070105085,8.07011E+12,1,635
8070105085,8.07011E+12,2,424
8070105085,8.07011E+12,3,428
8070105085,8.07011E+12,4,754
8070105085,8.07011E+12,5,110
8070105085,8.07011E+12,6,267
8070105085,8.07011E+12,7,715
8070105085,8.07011E+12,8,840
8070105085,8.07011E+12,9,464
8070105085,8.07011E+12,10,592
8070105085,8.07011E+12,11,959
8070105085,8.07011E+12,12,50
8070205097,8.07021E+12,1,21
8070205097,8.07021E+12,2,6
8070205097,8.07021E+12,3,628
8070205097,8.07021E+12,4,248
8070205097,8.07021E+12,5,914
8070205097,8.07021E+12,6,200
8070205097,8.07021E+12,7,323
8070205097,8.07021E+12,8,273
8070205097,8.07021E+12,9,589
8070205097,8.07021E+12,10,402
8070205097,8.07021E+12,11,491
8070305108,8.07031E+12,1,269
8070305108,8.07031E+12,2,435
8070305108,8.07031E+12,3,903
8070305108,8.07031E+12,4,427
8070305108,8.07031E+12,5,507
8070305108,8.07031E+12,6,709
8070305108,8.07031E+12,7,147
8070305108,8.07031E+12,8,138
8070305108,8.07031E+12,9,698
8070305108,8.07031E+12,10,788
8070305108,8.07031E+12,11,495
8070305108,8.07031E+12,12,669
8070305108,8.07031E+12,13,594
8070305108,8.07031E+12,14,756
8070305108,8.07031E+12,15,904
8070305108,8.07031E+12,16,705
8070305108,8.07031E+12,17,598
8070305108,8.07031E+12,18,722
8070305126,8.07031E+12,1,616
8070305126,8.07031E+12,2,810
8070305126,8.07031E+12,3,382
8070305126,8.07031E+12,4,361
8070305126,8.07031E+12,5,588
8070305126,8.07031E+12,6,412
8070305132,8.07031E+12,1,779
8070305132,8.07031E+12,2,225
8080105134,8.08011E+12,1,679
8080105134,8.08011E+12,2,417
8080105134,8.08011E+12,3,856
8080105134,8.08011E+12,4,274
8080105134,8.08011E+12,5,893
8080105134,8.08011E+12,6,175
8080105134,8.08011E+12,7,367
8080105134,8.08011E+12,8,20
8080105134,8.08011E+12,9,216
8080105134,8.08011E+12,10,86
8080105134,8.08011E+12,11,899
8080105145,8.08011E+12,1,52
8080105145,8.08011E+12,2,764
8080105145,8.08011E+12,3,308
8080105145,8.08011E+12,4,525
8080105145,8.08011E+12,5,663
8080105145,8.08011E+12,6,378
8080105145,8.08011E+12,7,99
8080105145,8.08011E+12,8,261
8080105145,8.08011E+12,9,118
8080105145,8.08011E+12,10,700
8080305155,8.08031E+12,1,981
8080305155,8.08031E+12,2,985
8080305155,8.08031E+12,3,475
8080305155,8.08031E+12,4,797
8080305155,8.08031E+12,5,931
8080305155,8.08031E+12,6,956
8080305155,8.08031E+12,7,890
8080305155,8.08031E+12,8,746
8080305155,8.08031E+12,9,858
8080305155,8.08031E+12,10,394
8080305155,8.08031E+12,11,316
8080305155,8.08031E+12,12,136
8080305155,8.08031E+12,13,571
8080305155,8.08031E+12,14,635
8080305155,8.08031E+12,15,210
8080305155,8.08031E+12,16,301
8080305155,8.08031E+12,17,409
8080305155,8.08031E+12,18,466
8080305155,8.08031E+12,19,222
8080305155,8.08031E+12,20,401
9010105175,9.01011E+12,1,724
9010105175,9.01011E+12,2,341
9010105175,9.01011E+12,3,704
9010105175,9.01011E+12,4,188
9010105175,9.01011E+12,5,211
9010105175,9.01011E+12,6,375
9010105175,9.01011E+12,7,525
9010105175,9.01011E+12,8,191
9010105175,9.01011E+12,9,363
9010105175,9.01011E+12,10,69
9010105175,9.01011E+12,11,357
9010105175,9.01011E+12,12,578
9010105175,9.01011E+12,13,770
9010105175,9.01011E+12,14,821
9010105175,9.01011E+12,15,652
9010105190,9.01011E+12,1,661
9010105190,9.01011E+12,2,566
9010105190,9.01011E+12,3,965
9010205193,9.01021E+12,1,915
9010205193,9.01021E+12,2,912
9010205193,9.01021E+12,3,268
9020105196,9.02011E+12,1,328
9020105196,9.02011E+12,2,562
9020105196,9.02011E+12,3,669
9020105196,9.02011E+12,4,648
9020105196,9.02011E+12,5,530
9020105196,9.02011E+12,6,762
9020105196,9.02011E+12,7,95
9020105203,9.02011E+12,1,186
9020105203,9.02011E+12,2,432
9020105205,9.02011E+12,1,62
9020105205,9.02011E+12,2,521
9020105205,9.02011E+12,3,201
9020105205,9.02011E+12,4,560
9020105205,9.02011E+12,5,749
9020105205,9.02011E+12,6,202
9020105205,9.02011E+12,7,963
9020205212,9.02021E+12,1,377
9020205212,9.02021E+12,2,71
9020205212,9.02021E+12,3,284
9020205212,9.02021E+12,4,131
9020205212,9.02021E+12,5,598
9020205212,9.02021E+12,6,425
9030105218,9.03011E+12,1,374
9030105218,9.03011E+12,2,99
9030105218,9.03011E+12,3,637
9030105218,9.03011E+12,4,822
9030105218,9.03011E+12,5,329
9030105218,9.03011E+12,6,493
9030105218,9.03011E+12,7,178
9030105218,9.03011E+12,8,24
9030105218,9.03011E+12,9,294
9030105218,9.03011E+12,10,850
9030105218,9.03011E+12,11,617
9030105218,9.03011E+12,12,544
9030105218,9.03011E+12,13,211
9030105218,9.03011E+12,14,177
9030305232,9.03031E+12,1,12
9030305232,9.03031E+12,2,812
9030305232,9.03031E+12,3,715
9030305232,9.03031E+12,4,621
9030305232,9.03031E+12,5,312
9030305232,9.03031E+12,6,271
9030305232,9.03031E+12,7,217
9030305232,9.03031E+12,8,875
9030305232,9.03031E+12,9,735
9030305232,9.03031E+12,10,83
9030305232,9.03031E+12,11,760
9030305232,9.03031E+12,12,621
9030305232,9.03031E+12,13,56
9030305245,9.03031E+12,1,940
9030305245,9.03031E+12,2,425
9030305245,9.03031E+12,3,473
9030305245,9.03031E+12,4,590
9030305245,9.03031E+12,5,102
9030305245,9.03031E+12,6,616
9030305245,9.03031E+12,7,576
9030305245,9.03031E+12,8,293
9030305245,9.03031E+12,9,530
9030305245,9.03031E+12,10,81
9030305245,9.03031E+12,11,511
9030305245,9.03031E+12,12,674
9030305245,9.03031E+12,13,714
9030305245,9.03031E+12,14,318
9030305245,9.03031E+12,15,930
9030305245,9.03031E+12,16,878
9030305245,9.03031E+12,17,965
9030305245,9.03031E+12,18,769
9030305245,9.03031E+12,19,294
9030305245,9.03031E+12,20,473
9030305265,9.03031E+12,1,729
9030305265,9.03031E+12,2,257
9030305265,9.03031E+12,3,980
9040105268,9.04011E+12,1,821
9040105268,9.04011E+12,2,728
9040105268,9.04011E+12,3,558
9040105268,9.04011E+12,4,574
9040105268,9.04011E+12,5,846
9040105268,9.04011E+12,6,369
9040105268,9.04011E+12,7,858
9040105268,9.04011E+12,8,980
9040105268,9.04011E+12,9,344
9040105277,9.04011E+12,1,347
9040105277,9.04011E+12,2,135
9040105277,9.04011E+12,3,116
9040105277,9.04011E+12,4,741
9040105277,9.04011E+12,5,288
9040105277,9.04011E+12,6,622
9040105277,9.04011E+12,7,843
9040105277,9.04011E+12,8,85
9040105277,9.04011E+12,9,541
9040105277,9.04011E+12,10,514
9040105277,9.04011E+12,11,609
9040105277,9.04011E+12,12,268
9040105277,9.04011E+12,13,515
9040105277,9.04011E+12,14,267
9040105277,9.04011E+12,15,543
9040105277,9.04011E+12,16,357
9040205293,9.04021E+12,1,501
9040205293,9.04021E+12,2,538
9040205293,9.04021E+12,3,665
9040205293,9.04021E+12,4,679
9040205293,9.04021E+12,5,365
9040205293,9.04021E+12,6,456
9040205293,9.04021E+12,7,828
9040205293,9.04021E+12,8,282
9040205293,9.04021E+12,9,789
9040205293,9.04021E+12,10,759
9040205293,9.04021E+12,11,830
9040205293,9.04021E+12,12,861
9040205293,9.04021E+12,13,574
9040205293,9.04021E+12,14,283
9040205293,9.04021E+12,15,60
9040205293,9.04021E+12,16,867
9040205293,9.04021E+12,17,655
9050105310,9.05011E+12,1,118
9050105310,9.05011E+12,2,497
9050105310,9.05011E+12,3,160
9050105310,9.05011E+12,4,737
9050105310,9.05011E+12,5,643
9050105310,9.05011E+12,6,650
9050105310,9.05011E+12,7,871
9050105310,9.05011E+12,8,737
9050105310,9.05011E+12,9,554
9050105319,9.05011E+12,1,232
9050105319,9.05011E+12,2,638
9050105319,9.05011E+12,3,392
9050105319,9.05011E+12,4,471
9050105319,9.05011E+12,5,636
9050205324,9.05021E+12,1,677
9050205324,9.05021E+12,2,200
9050205324,9.05021E+12,3,64
9050205324,9.05021E+12,4,794
9050205324,9.05021E+12,5,433
9050205324,9.05021E+12,6,499
9050205324,9.05021E+12,7,940
9050205324,9.05021E+12,8,439
9050205324,9.05021E+12,9,3
9050205324,9.05021E+12,10,56
9050205324,9.05021E+12,11,614
9050305335,9.05031E+12,1,917
9050305335,9.05031E+12,2,11
9050305335,9.05031E+12,3,42
9050305335,9.05031E+12,4,769
9050305335,9.05031E+12,5,973
9050305335,9.05031E+12,6,390
9050305335,9.05031E+12,7,82
9050305335,9.05031E+12,8,449
9050305335,9.05031E+12,9,387
9050305335,9.05031E+12,10,120
9050305335,9.05031E+12,11,637
9050305335,9.05031E+12,12,66
9050305335,9.05031E+12,13,645
9050305335,9.05031E+12,14,943
9050305335,9.05031E+12,15,791
9050305335,9.05031E+12,16,33
9050305335,9.05031E+12,17,73
90401,9040105352,1,157
90401,9040105352,2,889
90401,9040105352,3,279
90401,9040105352,4,78
90402,9040205356,1,90
90402,9040205356,2,838
90402,9040205356,3,93
90402,9040205359,1,420
90402,9040205359,2,632
90402,9040205359,3,161
90402,9040205359,4,473
90402,9040205359,5,480
90402,9040205359,6,124
90402,9040205359,7,344
90402,9040205359,8,930
90402,9040205359,9,313
90402,9040205359,10,892
90402,9040205359,11,687
90402,9040205359,12,694
90402,9040205359,13,821
90402,9040205359,14,383
90502,9050205373,1,742
90502,9050205373,2,558
90502,9050205373,3,355
90502,9050205373,4,511
90502,9050205373,5,464
90503,9050305378,1,657
90503,9050305378,2,498
90503,9050305378,3,670
90503,9050305378,4,35
90503,9050305378,5,575
90503,9050305378,6,905
90503,9050305378,7,302
90503,9050305378,8,598
90503,9050305378,9,627
90503,9050305378,10,115
90503,9050305378,11,542
90503,9050305378,12,368
90503,9050305378,13,465
90503,9050305378,14,886
90503,9050305378,15,753
90503,9050305378,16,335
90503,9050305394,1,683
90503,9050305394,2,666
90503,9050305394,3,624
